url,type,keyword_target,primary,funnel,intent,cluster,body_word_count,internal_link_count,external_link_count,inbound_count,outbound_count,anchor_flag_count,title,title_len,desc_len,h1_count,h2_count,schema_types,schema_issue_count,primary_freq_exact,primary_freq_family,cannibalization_count,indexable,redirected,canonical_self,noindex,in_sitemap
/blogs/b2b-content-marketing-guide/,blog,True,b2b content marketing,tofu,informational,B2B Content Marketing,2666,19,2,5,18,3,B2B Content Marketing: Everything You Need to Know,50,117,1,12,Article|BreadcrumbList|FAQPage|Organization,0,18,18,0,True,False,True,False,True
/blogs/b2b-demand-generation-guide/,blog,True,b2b demand generation,tofu,informational,B2B Demand Generation,2415,16,0,7,16,7,B2B Demand Generation: Everything You Need to Know,50,136,1,10,Article|BreadcrumbList|Organization,0,23,23,0,True,False,True,False,True
/blogs/b2b-inbound-marketing-guide/,blog,True,b2b inbound marketing,tofu,informational,B2B Inbound Marketing,2415,11,2,2,11,3,B2B Inbound Marketing: A Complete Guide,39,160,1,9,Article|BreadcrumbList|FAQPage|Organization,0,17,17,0,True,False,True,False,True
/blogs/b2b-lead-generation/,blog,True,b2b lead generation,tofu,informational,B2B Lead Generation,2602,12,1,7,11,2,B2B Lead Generation: Everything You Need to Know,48,150,1,10,Article|BreadcrumbList|FAQPage|Organization,0,12,12,1,True,False,True,False,True
/blogs/b2b-linkedin-marketing-guide/,blog,True,b2b linkedin marketing,tofu,informational,B2B LinkedIn Marketing,2542,12,2,1,12,5,"B2B LinkedIn Marketing Guide | Strategy, Ads & Leads",52,132,1,11,Article|BreadcrumbList|Organization,0,19,19,0,True,False,True,False,True
/blogs/b2b-marketing-operations-guide/,blog,True,b2b marketing operations,tofu,informational,B2B Marketing,3712,12,0,4,12,3,B2B Marketing Operations: The Guide for B2B Companies,53,136,1,13,Article|BreadcrumbList|FAQPage|Organization,0,8,8,0,True,False,True,False,True
/blogs/b2b-marketing/,blog,True,b2b marketing,tofu,informational,B2B Marketing,2634,15,3,11,12,2,B2B Marketing Guide: How Modern Buyers Research & Convert,57,144,1,11,Article|BreadcrumbList|Organization,0,20,20,2,True,False,True,False,True
/blogs/b2b-ppc-guide/,blog,True,b2b ppc,tofu,informational,B2B PPC,3171,17,3,5,13,2,What is B2B PPC and How to Run Campaigns That Convert,53,143,1,13,Article|BreadcrumbList|FAQPage|Organization,0,28,28,3,True,False,True,False,True
/blogs/b2b-ppc/,blog,True,b2b ppc,tofu,informational,B2B PPC,2625,12,1,5,11,3,B2B PPC: A Complete 2026 Strategy Guide for SaaS Teams,54,150,1,11,Article|BreadcrumbList|FAQPage|Organization,0,21,22,2,True,False,True,False,True
/blogs/b2b-saas-seo/,blog,True,b2b saas seo,tofu,informational,B2B SEO,2563,20,6,3,17,1,B2B SaaS SEO: The Ultimate Guide for 2025,41,154,1,8,Article|BreadcrumbList|Organization,0,22,22,3,True,False,True,False,True
/blogs/enterprise-saas-seo-guide/,blog,True,enterprise saas seo,tofu,informational,Enterprise Marketing,2732,20,0,3,20,3,Enterprise SaaS SEO: The 2026 Complete Guide to Scaling,55,139,1,14,Article|BreadcrumbList|FAQPage|Organization|Quotation,0,12,12,5,True,False,True,False,True
/blogs/enterprise-seo-challenges-and-fixes/,blog,True,enterprise seo challenges and fixes,mofu,informational,Enterprise Marketing,3129,21,0,2,21,3,7 Enterprise SEO Challenges And How to Solve Them,49,92,1,15,Article|BreadcrumbList|FAQPage|Organization,0,0,0,0,True,False,True,False,True
/blogs/enterprise-seo-guide/,blog,True,enterprise seo,tofu,informational,Enterprise Marketing,2333,17,0,6,15,3,"Enterprise SEO: Definition, Strategies, and Core Pillars",56,147,1,9,Article|BreadcrumbList|FAQPage|Organization,0,31,31,4,True,False,True,False,True
/blogs/enterprise-seo-strategy-and-framework/,blog,True,enterprise seo strategy and framework,mofu,informational,Enterprise Marketing,3023,20,0,2,20,2,Enterprise SEO Strategies: The 7-Step Framework for Growth,58,135,1,15,Article|BreadcrumbList|FAQPage|Organization,0,0,1,0,True,False,True,False,True
/blogs/fintech-seo-guide/,blog,True,fintech seo,tofu,informational,Fintech SEO,2637,20,2,0,18,3,The Essential Fintech SEO Guide You Need,40,133,1,11,Article|BreadcrumbList|FAQPage|Organization,0,17,17,1,True,False,True,False,True
/blogs/how-do-i-run-linkedin-ads-for-saas-an-experts-take/,blog,True,linkedin ads for saas,mofu,informational,SaaS PPC,2970,16,0,4,13,4,How to Run LinkedIn Ads for SaaS in 2026? | Experience-based,60,143,1,12,Article|BreadcrumbList|FAQPage|Organization,0,7,7,0,True,False,True,False,True
/blogs/how-to-build-topic-clusters/,blog,True,topic clusters,mofu,informational,SaaS SEO,2409,7,0,7,5,4,How to Build Topic Clusters for a SaaS Site,43,151,1,11,Article|BreadcrumbList|CreativeWork|FAQPage|Organization,0,4,8,1,True,False,True,False,True
/blogs/how-to-choose-search-volume-vs-search-intent/,blog,True,search volume vs search intent,mofu,informational,SaaS SEO,2524,11,0,6,8,5,Search Volume vs Search Intent for SaaS,39,153,1,12,Article|BreadcrumbList|CreativeWork|FAQPage|Organization,0,0,0,0,True,False,True,False,True
/blogs/how-to-do-keyword-gap-analysis/,blog,True,keyword gap analysis,mofu,informational,SaaS SEO,1864,8,0,2,6,2,How to Do a Keyword Gap Analysis (SaaS Method),46,152,1,11,Article|BreadcrumbList|FAQPage|Organization,0,5,5,0,True,False,True,False,True
/blogs/how-to-do-saas-content-audit/,blog,True,saas content audit,mofu,informational,SaaS SEO,2648,11,0,0,11,3,How We Effectively Run A SaaS Content Audit in 2026,51,152,1,9,Article|BreadcrumbList|Organization,0,7,9,0,True,False,True,False,True
/blogs/how-to-do-saas-seo-competitor-analysis/,blog,True,saas seo competitor analysis,mofu,informational,SaaS SEO,3536,14,0,7,14,2,How I Do SaaS SEO Competitor Analysis For My Clients in 2026,60,148,1,13,Article|BreadcrumbList|FAQPage|Organization,0,7,7,0,True,False,True,False,True
/blogs/how-to-do-saas-seo-keyword-research/,blog,True,saas seo keyword research,mofu,informational,SaaS SEO,2411,20,1,16,20,5,How I Do SaaS SEO Keyword Research in 2026,42,150,1,13,Article|BreadcrumbList|FAQPage|Organization,0,1,1,1,True,False,True,False,True
/blogs/how-to-fix-keyword-cannibalization/,blog,True,fix keyword cannibalization,mofu,informational,SaaS SEO,2147,9,0,4,6,4,Fix Keyword Cannibalization on a SaaS Site,42,147,1,9,Article|BreadcrumbList|CreativeWork|FAQPage|Organization,0,0,0,0,True,False,True,False,True
/blogs/how-to-map-keywords-to-saas-buyer-journey/,blog,True,map keywords to saas buyer journey,mofu,informational,SaaS SEO,2406,12,0,10,10,3,How to Map Keywords to the SaaS Buyer Journey,45,146,1,11,Article|BreadcrumbList|FAQPage|Organization,0,0,0,0,True,False,True,False,True
/blogs/how-to-prioritize-saas-keywords-by-funnel-stage/,blog,True,prioritize saas keywords by funnel stage,mofu,informational,SaaS SEO,2347,10,0,9,8,3,Prioritize SaaS Keywords by Funnel Stage,40,138,1,10,Article|BreadcrumbList|CreativeWork|FAQPage|Organization,0,0,0,0,True,False,True,False,True
/blogs/how-to-rank-bofu-keywords-saas/,blog,True,rank saas bofu keywords,mofu,informational,SaaS SEO,1929,9,0,8,7,4,How to Rank BOFU Keywords for SaaS: A Playbook,46,140,1,10,Article|BreadcrumbList|CreativeWork|FAQPage|Organization,0,0,0,0,True,False,True,False,True
/blogs/how-to-rank-mofu-keywords-saas/,blog,True,rank saas mofu keywords,mofu,informational,SaaS SEO,2175,15,0,4,13,4,How to Rank MOFU Keywords for SaaS,34,136,1,11,Article|BreadcrumbList|CreativeWork|FAQPage|Organization,0,0,0,0,True,False,True,False,True
/blogs/how-to-rank-on-chatgpt-in-2026-strategies-and-tips/,blog,True,how to rank on chatgpt,mofu,informational,SaaS SEO,2714,14,1,4,11,4,How to Rank on ChatGPT in 2026: Key Strategies and Mistakes,59,141,1,13,Article|BreadcrumbList|Organization,0,2,4,0,True,False,True,False,True
/blogs/how-to-run-google-ads-for-saas/,blog,True,google ads for saas,mofu,informational,SaaS PPC,3406,15,1,8,14,4,How to Run Google Ads for SaaS in 2026? An Expert's Guide,57,143,1,11,Article|BreadcrumbList|FAQPage|Organization,0,8,8,2,True,False,True,False,True
/blogs/how-to-run-linkedin-retargeting-ads/,blog,True,linkedin retargeting ads,mofu,informational,SaaS PPC,2576,12,0,2,12,4,How do I run LinkedIn Retargeting Ads in 2026?,46,146,1,14,Article|BreadcrumbList|Organization,0,13,13,0,True,False,True,False,True
/blogs/how-to-score-saas-keywords-by-icp-intent/,blog,True,score saas keywords by icp intent,mofu,informational,SaaS SEO,2266,12,0,6,9,2,Score SaaS Keywords by ICP Intent: A Rubric,43,140,1,12,Article|BreadcrumbList|CreativeWork|FAQPage|Organization,0,0,0,0,True,False,True,False,True
/blogs/how-to-write-google-ads-copy-for-saas-in-2026/,blog,True,google ads copy for saas,mofu,informational,SaaS PPC,2546,8,0,2,8,5,How I Write SaaS Google Ads Copy That Converts in 2026?,55,148,1,10,Article|BreadcrumbList|Organization,0,0,0,0,True,False,True,False,True
/blogs/how-to-write-saas-comparison-pages-for-seo/,blog,True,saas comparison pages,mofu,informational,SaaS SEO,3181,11,0,1,11,3,How I Write SaaS Comparison Pages for SEO in 2026?,50,145,1,16,Article|BreadcrumbList|Organization,0,12,15,0,True,False,True,False,True
/blogs/how-to-write-saas-seo-content-with-ai-that-actually-ranks/,blog,True,write saas seo content with ai,mofu,informational,SaaS SEO,2339,15,0,2,15,5,How I Write SaaS SEO Content with AI That Actually Ranks,56,148,1,12,Article|BreadcrumbList|Organization,0,0,0,0,True,False,True,False,True
/blogs/linkedin-account-based-marketing/,blog,True,linkedin account based marketing,tofu,informational,SaaS PPC,2533,7,0,2,7,3,How to Run LinkedIn Account-based Marketing Campaigns?,54,137,1,9,Article|BreadcrumbList|Organization,0,0,12,0,True,False,True,False,True
/blogs/optimize-saas-landing-pages-for-seo/,blog,True,optimize saas landing pages for seo,mofu,informational,SaaS SEO,2907,18,0,6,18,5,How to Optimize SaaS Landing Pages for SEO in 2026,50,145,1,14,Article|BreadcrumbList|FAQPage|Organization,0,2,2,0,True,False,True,False,True
/research/ai-seo-statistics/,blog,True,ai seo statistics,mofu,informational,SaaS SEO,2480,11,2,1,6,0,"60+ AI SEO Statistics (Updated June 2026, B2B SaaS Data)",56,136,1,10,Article|BreadcrumbList|Organization,0,0,0,0,True,False,True,False,True
/blogs/saas-content-marketing-guide/,blog,True,saas content marketing,tofu,informational,SaaS Content Marketing,2572,14,2,3,14,5,SaaS Content Marketing: The Definitive Guide to Grow Faster,59,150,1,12,Article|BreadcrumbList|Organization,0,26,26,0,True,False,True,False,True
/blogs/saas-link-building/,blog,True,saas link building,tofu,informational,SaaS SEO,3634,13,0,8,11,2,SaaS Link Building: The Complete 2026 Guide,43,143,1,16,Article|BreadcrumbList|FAQPage|Organization|Quotation,0,25,25,1,True,False,True,False,True
/blogs/saas-linkedin-ads-mistakes-to-avoid/,blog,True,saas linkedin ads mistakes,mofu,informational,SaaS PPC,3018,11,0,5,11,4,11 Common SaaS LinkedIn Ads Mistakes And How to Avoid Them,58,149,1,17,Article|BreadcrumbList|Organization,0,3,4,0,True,False,True,False,True
/blogs/saas-marketing-challenges-and-fixes/,blog,True,saas marketing challenges,mofu,informational,SaaS SEO,3166,10,4,3,9,5,Top 6 SaaS Marketing Challenges & How to Solve Them,51,138,1,13,Article|BreadcrumbList|FAQPage|Organization,0,10,10,0,True,False,True,False,True
/blogs/saas-ppc-checklist/,blog,True,saas ppc checklist,mofu,informational,SaaS PPC,1926,11,0,3,9,4,The Complete 2026 SaaS PPC Checklist: A SaaS-focused guide,58,150,1,9,Article|BreadcrumbList|FAQPage|Organization,0,7,7,0,True,False,True,False,True
/blogs/saas-ppc/,blog,True,saas ppc,tofu,informational,SaaS PPC,2637,12,1,12,11,6,SaaS PPC: Proven Paid Strategies to Drive Trials And Demos,58,148,1,11,Article|BreadcrumbList|FAQPage|Organization,0,22,22,6,True,False,True,False,True
/blogs/saas-seo-checklist/,blog,True,saas seo checklist,mofu,informational,SaaS SEO,3002,15,0,2,15,3,My SaaS SEO Checklist for 2026,30,144,1,14,Article|BreadcrumbList|Organization,0,2,2,0,True,False,True,False,True
/blogs/saas-seo-strategies-and-framework/,blog,True,saas seo strategies,mofu,informational,SaaS SEO,3943,23,0,6,21,7,SaaS SEO Strategies: The 8-Step Framework for Growth,52,134,1,7,Article|BreadcrumbList|FAQPage|Organization,0,1,1,3,True,False,True,False,True
/blogs/saas-seo/,blog,True,saas seo,tofu,informational,SEO,5767,44,1,22,41,14,SaaS SEO 2026: The 8-Step Pipeline Strategy (with GEO + AEO),60,168,1,14,Article|BreadcrumbList|Organization|Quotation,0,28,28,6,True,False,True,False,True
/blogs/the-8-common-saas-google-ads-mistakes-to-avoid-in-2026/,blog,True,saas google ads mistakes,mofu,informational,SaaS PPC,4620,12,0,4,12,4,11 Common SaaS Google Ads Mistakes And How to Avoid Them,56,147,1,14,Article|BreadcrumbList|Organization,0,2,2,0,True,False,True,False,True
/blogs/the-no-nonsense-guide-to-auditing-your-saas-ppc-account/,blog,True,saas ppc audit,mofu,informational,SaaS PPC,2570,17,2,6,16,6,How to Conduct a SaaS PPC Audit in 2026?,40,147,1,11,Article|BreadcrumbList|FAQPage|Organization,0,4,4,1,True,False,True,False,True
/blogs/types-of-keywords-in-seo/,blog,True,types of keywords in seo,mofu,informational,SaaS SEO,2388,8,0,5,6,2,Types of Keywords in SEO (SaaS Examples),40,161,1,11,Article|BreadcrumbList|CreativeWork|FAQPage|Organization,0,1,1,0,True,False,True,False,True
/glossary/what-are-keyword-clusters/,glossary,True,what is keyword clusters,tofu,informational,SEO,1985,9,0,4,9,5,How to Group Keywords for SaaS SEO,34,158,1,9,Article|BreadcrumbList|DefinedTerm|FAQPage|Organization,1,0,17,3,True,False,True,False,True
/glossary/what-is-a-301-redirect/,glossary,True,what is 301 Redirect,tofu,informational,SEO,2096,9,0,1,8,4,"What Is a 301 Redirect? SEO, SaaS, and Real-World Risks",55,160,1,9,Article|BreadcrumbList|DefinedTerm|FAQPage|Organization,1,0,21,0,True,False,True,False,True
/glossary/what-is-a-backlink/,glossary,True,what is a Backlink,tofu,informational,SEO,1887,10,0,30,10,4,What Is a Backlink? Meaning & Real-World Examples,49,154,1,9,Article|BreadcrumbList|DefinedTerm|FAQPage|Organization,1,1,52,0,True,False,True,False,True
/glossary/what-is-a-canonical-tag/,glossary,True,what is a Canonical Tag,tofu,informational,SEO,1992,13,0,11,12,5,What Is a Canonical Tag? SaaS SEO Explained Clearly,51,147,1,9,Article|BreadcrumbList|DefinedTerm|FAQPage|Organization,1,1,34,0,True,False,True,False,True
/glossary/what-is-a-commercial-keyword/,glossary,True,what is a Commercial Keyword,tofu,informational,SEO,1596,10,0,3,9,3,What Is a Commercial Keyword? SaaS Marketer's Guide,51,150,1,9,Article|BreadcrumbList|DefinedTerm|FAQPage|Organization,1,1,25,0,True,False,True,False,True
/glossary/what-is-a-landing-page/,glossary,True,what is a Landing Page,tofu,informational,B2B Marketing,1714,10,0,53,8,1,What Is a Landing Page? A Practical SaaS Guide,46,142,1,9,Article|BreadcrumbList|DefinedTerm|FAQPage|Organization,1,1,30,0,True,False,True,False,True
/glossary/what-is-a-long-tail-keyword/,glossary,True,what is a Long Tail Keyword,tofu,informational,SEO,1719,12,0,3,10,5,What Is a Long Tail Keyword? SEO Benefits & Examples,52,149,1,9,Article|BreadcrumbList|DefinedTerm|FAQPage|Organization,1,1,36,0,True,False,True,False,True
/glossary/what-is-a-meta-description/,glossary,True,what is a Meta Description,tofu,informational,SEO,1944,13,0,6,11,6,What Is a Meta Description? Explained for SaaS & B2B SEO,56,134,1,9,Article|BreadcrumbList|DefinedTerm|FAQPage|Organization,1,1,48,0,True,False,True,False,True
/glossary/what-is-a-navigational-keyword/,glossary,True,what is a Navigational Keyword,tofu,informational,SEO,1621,10,0,0,8,4,What Is a Navigational Keyword? A SaaS SEO Guide,48,145,1,9,Article|BreadcrumbList|DefinedTerm|FAQPage|Organization,1,1,19,0,True,False,True,False,True
/glossary/what-is-a-transactional-keyword/,glossary,True,what is a Transactional Keyword,tofu,informational,SEO,1599,9,0,2,7,4,What Is a Transactional Keyword? A SaaS Guide,45,154,1,9,Article|BreadcrumbList|DefinedTerm|FAQPage|Organization,1,1,17,0,True,False,True,False,True
/glossary/what-is-ab-testing/,glossary,True,what is A/B Testing,tofu,informational,Analytics & Attribution,1851,11,1,6,9,2,What Is A/B Testing? A Practical Guide for SaaS,47,149,1,9,Article|BreadcrumbList|DefinedTerm|FAQPage|Organization,1,1,26,0,True,False,True,False,True
/glossary/what-is-abm/,glossary,True,what is ABM,tofu,informational,Demand Generation,1676,9,0,19,9,3,What Is ABM? Account-Based Marketing Explained,46,147,1,8,Article|BreadcrumbList|DefinedTerm|Organization,1,1,47,0,True,False,True,False,True
/glossary/what-is-aeo/,glossary,True,what is AEO (Answer Engine Optimization),tofu,informational,SEO,1917,15,2,5,12,3,What Is AEO (Answer Engine Optimization)? A SaaS Guide,54,149,1,9,Article|BreadcrumbList|DefinedTerm|FAQPage|Organization,1,0,2,0,True,False,True,False,True
/glossary/what-is-ai-hallucination/,glossary,True,what is AI Hallucination,tofu,informational,AI & Future Search,1863,9,0,0,9,7,"What Is AI Hallucination? Meaning, Dangers & How to Spot It",59,135,1,9,Article|BreadcrumbList|DefinedTerm|FAQPage|Organization,1,1,16,0,True,False,True,False,True
/glossary/what-is-an-ai-overview/,glossary,True,what is an AI Overview,tofu,informational,SEO,1703,14,1,10,11,2,What Is an AI Overview? Google's AI Answers for SaaS,52,133,1,9,Article|BreadcrumbList|DefinedTerm|FAQPage|Organization,1,1,18,0,True,False,True,False,True
/glossary/what-is-an-informational-keyword/,glossary,True,what is an Informational Keyword,tofu,informational,SEO,1595,8,0,4,7,2,What Is an Informational Keyword? SaaS Guide,44,148,1,8,Article|BreadcrumbList|DefinedTerm|FAQPage|Organization,1,1,21,0,True,False,True,False,True
/glossary/what-is-an-llm/,glossary,True,what is an LLM,tofu,informational,AI & Future Search,1872,9,0,12,8,6,What Is an LLM? Large Language Model Explained for SaaS,55,130,1,9,Article|BreadcrumbList|DefinedTerm|FAQPage|Organization,1,1,76,0,True,False,True,False,True
/glossary/what-is-an-seo-audit/,glossary,True,what is an SEO Audit,tofu,informational,SEO,2096,16,0,2,14,6,What Is an SEO Audit? Plain Definition & Real SaaS Impact,57,145,1,9,Article|BreadcrumbList|DefinedTerm|FAQPage|Organization,1,1,22,0,True,False,True,False,True
/glossary/what-is-anchor-text/,glossary,True,what is Anchor Text,tofu,informational,SEO,2011,13,0,6,10,5,What Is Anchor Text? Anchor Text Definition & SEO Impact,56,148,1,9,Article|BreadcrumbList|DefinedTerm|FAQPage|Organization,1,1,60,0,True,False,True,False,True
/glossary/what-is-arr/,glossary,True,what is ARR,tofu,informational,SaaS Metrics & Growth,1655,7,0,14,6,5,"What Is ARR? Meaning, SaaS Metrics, and Real Risks",50,146,1,9,Article|BreadcrumbList|DefinedTerm|FAQPage|Organization,1,1,76,0,True,False,True,False,True
/glossary/what-is-brand-identity/,glossary,True,what is Brand Identity,tofu,informational,Social & Brand,2221,7,0,0,7,3,What Is Brand Identity? A SaaS Founder's Guide,46,145,1,9,Article|BreadcrumbList|DefinedTerm|Organization,1,1,28,0,True,False,True,False,True
/glossary/what-is-brand-positioning/,glossary,True,what is Brand Positioning,tofu,informational,Social & Brand,1956,13,0,0,11,6,What Is Brand Positioning? Definition & SaaS Guide,50,150,1,9,Article|BreadcrumbList|DefinedTerm|FAQPage|Organization,1,1,22,0,True,False,True,False,True
/glossary/what-is-cls/,glossary,True,what is CLS,tofu,informational,SEO,2020,9,0,3,9,4,"What Is CLS? Core Web Vitals, SEO Impact, and Fixes",51,152,1,10,Article|BreadcrumbList|DefinedTerm|FAQPage|Organization,1,1,57,0,True,False,True,False,True
/glossary/what-is-clv/,glossary,True,what is CLV,tofu,informational,SaaS Metrics & Growth,2066,10,0,1,9,6,What Is CLV? (Customer Lifetime Value) Meaning in SaaS,54,145,1,10,Article|BreadcrumbList|DefinedTerm|FAQPage|Organization,1,1,81,0,True,False,True,False,True
/glossary/what-is-content-marketing/,glossary,True,what is Content Marketing,tofu,informational,Content Marketing,1702,10,0,15,9,6,What Is Content Marketing? Direct Answer for SaaS Teams,55,154,1,9,Article|BreadcrumbList|DefinedTerm|FAQPage|Organization,1,1,22,0,True,False,True,False,True
/glossary/what-is-conversion-rate/,glossary,True,what is Conversion Rate,tofu,informational,Analytics & Attribution,2031,10,0,16,8,6,What Is Conversion Rate? How To Measure & Improve,49,153,1,9,Article|BreadcrumbList|DefinedTerm|FAQPage|Organization,1,1,38,0,True,False,True,False,True
/glossary/what-is-cost-per-click/,glossary,True,what is Cost Per Click,tofu,informational,PPC & Paid Advertising,1828,11,0,13,10,6,What Is Cost Per Click? How to Use CPC for SaaS Growth,54,147,1,9,Article|BreadcrumbList|DefinedTerm|FAQPage|Organization,1,1,9,0,True,False,True,False,True
/glossary/what-is-cpa/,glossary,True,what is CPA,tofu,informational,PPC & Paid Advertising,2071,12,0,14,10,8,What Is CPA? Cost Per Acquisition in SaaS Explained,51,130,1,9,Article|BreadcrumbList|DefinedTerm|FAQPage|Organization,1,1,97,0,True,False,True,False,True
/glossary/what-is-cpm/,glossary,True,what is CPM,tofu,informational,PPC & Paid Advertising,2047,11,0,1,10,6,What Is CPM? SaaS Guide to Cost-Per-Mille in 2024,49,141,1,9,Article|BreadcrumbList|DefinedTerm|FAQPage|Organization,1,1,103,0,True,False,True,False,True
/glossary/what-is-crawling/,glossary,True,what is Crawling,tofu,informational,SEO,1743,8,0,0,7,4,What Is Crawling? How Search Engines Find Your Pages,52,145,3,8,Article|BreadcrumbList|DefinedTerm|Organization,1,1,20,0,True,False,True,False,True
/glossary/what-is-cro/,glossary,True,what is CRO,tofu,informational,Analytics & Attribution,1958,9,2,6,7,3,What Is CRO? Conversion Rate Optimization for SaaS,50,144,1,9,Article|BreadcrumbList|DefinedTerm|FAQPage|Organization,1,0,37,0,True,False,True,False,True
/glossary/what-is-ctr/,glossary,True,what is CTR,tofu,informational,PPC & Paid Advertising,1932,12,0,17,12,6,What Is CTR? Click-Through Rate Explained for SaaS Growth,57,123,1,9,Article|BreadcrumbList|DefinedTerm|FAQPage|Organization,1,1,82,0,True,False,True,False,True
/glossary/what-is-domain-authority/,glossary,True,what is Domain Authority,tofu,informational,SEO,2045,10,0,15,8,6,What Is Domain Authority? Honest Guide for SaaS & B2B Teams,59,139,1,9,Article|BreadcrumbList|DefinedTerm|FAQPage|Organization,1,1,33,0,True,False,True,False,True
/glossary/what-is-employer-branding/,glossary,True,what is Employer Branding,tofu,informational,Social & Brand,1866,4,0,0,4,2,What Is Employer Branding? A Practical Guide,44,149,1,8,Article|BreadcrumbList|DefinedTerm|Organization,1,1,16,0,True,False,True,False,True
/glossary/what-is-evergreen-content/,glossary,True,what is Evergreen Content,tofu,informational,SEO,1828,13,0,1,11,5,"What Is Evergreen Content? Definition, Myths & Real SaaS ROI",60,132,1,10,Article|BreadcrumbList|DefinedTerm|FAQPage|Organization,1,1,27,0,True,False,True,False,True
/glossary/what-is-fid/,glossary,True,what is FID,tofu,informational,SEO,1618,11,0,0,10,6,"What Is FID? Field Data, SEO Impact & Common Mistakes",53,152,1,9,Article|BreadcrumbList|DefinedTerm|FAQPage|Organization,1,1,60,0,True,False,True,False,True
/glossary/what-is-ga4/,glossary,True,what is GA4,tofu,informational,Analytics & Attribution,1838,4,0,3,4,3,What Is GA4? The SaaS Marketer's Guide,38,147,1,8,Article|BreadcrumbList|DefinedTerm|Organization,1,1,43,0,True,False,True,False,True
/glossary/what-is-geo/,glossary,True,what is GEO (Generative Engine Optimization),tofu,informational,SEO,1747,15,0,3,12,2,What Is GEO? Generative Engine Optimization for SaaS,52,151,1,9,Article|BreadcrumbList|DefinedTerm|FAQPage|Organization,1,0,2,0,True,False,True,False,True
/glossary/what-is-go-to-market-strategy/,glossary,True,what is Go To Market Strategy,tofu,informational,SaaS Metrics & Growth,2129,6,0,0,6,3,What Is Go To Market Strategy? SaaS GTM Explained,49,153,1,10,Article|BreadcrumbList|DefinedTerm|FAQPage|Organization,1,1,17,0,True,False,True,False,True
/glossary/what-is-google-ads/,glossary,True,what is Google Ads,tofu,informational,PPC & Paid Advertising,1939,13,0,26,12,7,What Is Google Ads? A Practical SaaS / B2B Guide,48,152,1,10,Article|BreadcrumbList|DefinedTerm|FAQPage|Organization,1,1,34,0,True,False,True,False,True
/glossary/what-is-google-search-console/,glossary,True,what is Google Search Console,tofu,informational,SEO,2077,13,0,7,11,7,What Is Google Search Console? A Guide for SaaS Teams,53,128,1,9,Article|BreadcrumbList|DefinedTerm|FAQPage|Organization,1,1,17,0,True,False,True,False,True
/glossary/what-is-google-tag-manager/,glossary,True,what is Google Tag Manager,tofu,informational,Analytics & Attribution,2469,10,0,0,9,8,What Is Google Tag Manager,26,154,1,10,Article|BreadcrumbList|DefinedTerm|FAQPage|Organization,1,1,21,0,True,False,True,False,True
/glossary/what-is-gpt/,glossary,True,what is GPT,tofu,informational,AI & Future Search,1820,8,0,0,8,4,What is GPT? A Clear Guide to Generative AI,43,138,1,9,Article|BreadcrumbList|DefinedTerm|FAQPage|Organization,1,1,82,0,True,False,True,False,True
/glossary/what-is-icp/,glossary,True,what is ICP,tofu,informational,Demand Generation,1709,8,0,55,7,5,What Is ICP? SaaS Ideal Customer Profile Explained,50,149,1,9,Article|BreadcrumbList|DefinedTerm|FAQPage|Organization,1,1,65,0,True,False,True,False,True
/glossary/what-is-image-alt-text/,glossary,True,what is Image Alt Text,tofu,informational,SEO,1857,8,0,1,7,5,What Is Image Alt Text? SEO & Accessibility Guide,49,149,1,9,Article|BreadcrumbList|DefinedTerm|FAQPage|Organization,1,1,17,0,True,False,True,False,True
/glossary/what-is-inbound-marketing/,glossary,True,what is Inbound Marketing,tofu,informational,Content Marketing,1895,13,0,2,12,3,What Is Inbound Marketing? A SaaS Marketer's Guide,50,154,1,9,Article|BreadcrumbList|DefinedTerm|Organization,1,1,10,1,True,False,True,False,True
/glossary/what-is-indexing/,glossary,True,what is Indexing,tofu,informational,SEO,1990,9,0,0,8,5,"What Is Indexing? SEO Meaning, Process & Why It Matters",55,157,1,9,Article|BreadcrumbList|DefinedTerm|FAQPage|Organization,1,1,33,0,True,False,True,False,True
/glossary/what-is-keyword-difficulty/,glossary,True,what is Keyword Difficulty,tofu,informational,SEO,1564,8,0,0,6,1,What Is Keyword Difficulty? A SaaS SEO Guide,44,144,1,8,Article|BreadcrumbList|DefinedTerm|FAQPage|Organization,1,1,12,1,True,False,True,False,True
/glossary/what-is-keyword-ranking/,glossary,True,what is Keyword Ranking,tofu,informational,SEO,1713,11,0,0,9,2,What Is Keyword Ranking? A SaaS Team's Guide,44,149,1,9,Article|BreadcrumbList|DefinedTerm|FAQPage|Organization,1,1,6,2,True,False,True,False,True
/glossary/what-is-keyword-research/,glossary,True,what is Keyword Research,tofu,informational,Content Marketing,2035,10,0,20,9,3,What Is Keyword Research? A SaaS Marketer's Guide,49,154,1,8,Article|BreadcrumbList|DefinedTerm|Organization,1,1,16,1,True,False,True,False,True
/glossary/what-is-lead-generation/,glossary,True,what is Lead Generation,tofu,informational,Demand Generation,2005,13,0,12,12,6,What Is Lead Generation? SaaS Guide for Real Growth,51,147,1,10,Article|BreadcrumbList|DefinedTerm|FAQPage|Organization,1,1,25,1,True,False,True,False,True
/glossary/what-is-meta-ads/,glossary,True,what is Meta Ads,tofu,informational,PPC & Paid Advertising,2521,10,0,0,10,5,What Is Meta Ads? Plain English for SaaS Teams,46,150,1,9,Article|BreadcrumbList|DefinedTerm|FAQPage|Organization,1,1,22,0,True,False,True,False,True
/glossary/what-is-nrr/,glossary,True,what is Nrr,tofu,informational,SaaS Metrics & Growth,1934,9,0,0,7,6,What Is NRR? SaaS Net Revenue Retention Explained,49,134,1,9,Article|BreadcrumbList|DefinedTerm|FAQPage|Organization,1,1,64,0,True,False,True,False,True
/glossary/what-is-off-page-seo/,glossary,True,what is Off Page SEO,tofu,informational,SEO,1650,11,0,0,11,3,What Is Off Page SEO? Real-World Guide for SaaS Teams,53,148,1,9,Article|BreadcrumbList|DefinedTerm|FAQPage|Organization,1,1,23,0,True,False,True,False,True
/glossary/what-is-on-page-seo/,glossary,True,what is On Page SEO,tofu,informational,SEO,1948,13,0,5,12,5,What Is On Page SEO? Plain-English Guide for SaaS Teams,55,155,1,9,Article|BreadcrumbList|DefinedTerm|FAQPage|Organization,1,1,29,0,True,False,True,False,True
/glossary/what-is-performance-marketing/,glossary,True,what is Performance Marketing,tofu,informational,Demand Generation,2093,15,0,6,13,8,What Is Performance Marketing? Examples & SaaS Guide,52,158,1,9,Article|BreadcrumbList|DefinedTerm|FAQPage|Organization,1,1,36,1,True,False,True,False,True
/glossary/what-is-ppc/,glossary,True,what is PPC,tofu,informational,PPC & Paid Advertising,2000,18,0,21,16,8,What Is PPC? Paid Search Explained for SaaS & B2B Teams,55,145,1,9,Article|BreadcrumbList|DefinedTerm|FAQPage|Organization,1,1,55,1,True,False,True,False,True
/glossary/what-is-programmatic-advertising/,glossary,True,what is Programmatic Advertising,tofu,informational,PPC & Paid Advertising,1955,10,0,0,7,5,What Is Programmatic Advertising? Guide for SaaS & B2B,54,132,1,9,Article|BreadcrumbList|DefinedTerm|FAQPage|Organization,1,1,17,0,True,False,True,False,True
/glossary/what-is-prompt-engineering/,glossary,True,what is Prompt Engineering,tofu,informational,AI & Future Search,1759,6,0,3,6,4,"What Is Prompt Engineering? Definition, Examples, and Uses",58,149,1,9,Article|BreadcrumbList|DefinedTerm|FAQPage|Organization,1,1,26,0,True,False,True,False,True
/glossary/what-is-rag/,glossary,True,what is RAG,tofu,informational,AI & Future Search,1840,8,0,3,7,6,What Is RAG? Retrieval-Augmented Generation Explained Simply,60,114,1,9,Article|BreadcrumbList|DefinedTerm|FAQPage|Organization,1,1,46,0,True,False,True,False,True
/glossary/what-is-roas/,glossary,True,what is ROAS,tofu,informational,PPC & Paid Advertising,2105,14,0,2,13,7,What Is ROAS? SaaS Guide to Real Return on Ad Spend,51,144,1,9,Article|BreadcrumbList|DefinedTerm|FAQPage|Organization,1,1,75,0,True,False,True,False,True
/glossary/what-is-robots-txt/,glossary,True,what is Robots.txt,tofu,informational,SEO,1794,11,0,1,10,4,What Is robots.txt? How Robots.txt Works for SEO & SaaS,55,148,1,8,Article|BreadcrumbList|DefinedTerm|FAQPage|Organization,1,1,52,0,True,False,True,False,True
/glossary/what-is-runway/,glossary,True,what is Runway,tofu,informational,SaaS Metrics & Growth,2031,7,0,0,6,4,What Is Runway? A SaaS Founder's Guide,38,154,1,9,Article|BreadcrumbList|DefinedTerm|Organization,1,1,55,0,True,False,True,False,True
/glossary/what-is-sal-in-saas/,glossary,True,what is SAL in SaaS,tofu,informational,SaaS Metrics & Growth,1721,7,0,0,7,2,What Is SAL in SaaS Sales? A Clear Guide,40,155,1,8,Article|BreadcrumbList|DefinedTerm|Organization,1,0,0,0,True,False,True,False,True
/glossary/what-is-schema-markup/,glossary,True,what is Schema Markup,tofu,informational,SEO,2218,12,0,9,11,5,What Is Schema Markup? Plain English Guide for SaaS Teams,57,159,1,9,Article|BreadcrumbList|DefinedTerm|FAQPage|Organization,1,1,24,0,True,False,True,False,True
/glossary/what-is-search-intent/,glossary,True,what is Search Intent,tofu,informational,SEO,1579,11,0,5,9,6,What Is Search Intent? A Guide for SaaS Teams,45,150,1,8,Article|BreadcrumbList|DefinedTerm|FAQPage|Organization,1,1,8,0,True,False,True,False,True
/glossary/what-is-search-volume/,glossary,True,what is Search Volume,tofu,informational,SEO,1671,9,0,1,8,0,What Is Search Volume? A SaaS Marketer's Guide,46,152,1,9,Article|BreadcrumbList|DefinedTerm|FAQPage|Organization,1,1,17,1,True,False,True,False,True
/glossary/what-is-sem/,glossary,True,what is SEM,tofu,informational,PPC & Paid Advertising,1872,14,0,0,14,7,What Is SEM? Paid Search vs Organic for SaaS Growth,51,143,1,9,Article|BreadcrumbList|DefinedTerm|FAQPage|Organization,1,1,51,0,True,False,True,False,True
/glossary/what-is-seo/,glossary,True,what is SEO,tofu,informational,SEO,2032,15,0,70,12,7,What Is SEO? Plain-English Guide for SaaS and B2B Teams,55,143,1,10,Article|BreadcrumbList|DefinedTerm|FAQPage|Organization,1,1,53,1,True,False,True,False,True
/glossary/what-is-serp/,glossary,True,what is SERP,tofu,informational,SEO,1878,11,0,26,10,7,What Is SERP? A Straightforward Guide for SaaS Teams,52,136,1,9,Article|BreadcrumbList|DefinedTerm|FAQPage|Organization,1,1,61,0,True,False,True,False,True
/glossary/what-is-ssl-certificate/,glossary,True,what is an SSL Certificate,tofu,informational,SEO,2001,11,0,0,10,6,What Is an SSL Certificate? SaaS Guide,38,137,1,10,Article|BreadcrumbList|DefinedTerm|FAQPage|Organization,1,1,30,0,True,False,True,False,True
/glossary/what-is-ssp/,glossary,True,what is SSP,tofu,informational,PPC & Paid Advertising,2092,6,0,0,5,5,What Is SSP? The SaaS Supply-Side Platform Explained,52,158,1,9,Article|BreadcrumbList|DefinedTerm|FAQPage|Organization,1,1,61,0,True,False,True,False,True
/glossary/what-is-structured-data/,glossary,True,what is Structured Data,tofu,informational,SEO,1926,12,0,4,10,7,What Is Structured Data? Clear Definition & SaaS Use Cases,58,142,1,10,Article|BreadcrumbList|DefinedTerm|FAQPage|Organization,1,1,39,0,True,False,True,False,True
/glossary/what-is-tam-sam-som/,glossary,True,what is TAM SAM SOM,tofu,informational,SaaS Metrics & Growth,1860,8,0,5,7,4,What Is TAM SAM SOM? A Founder's Guide,38,159,1,8,Article|BreadcrumbList|DefinedTerm|Organization,1,1,9,0,True,False,True,False,True
/glossary/what-is-technical-seo/,glossary,True,what is Technical SEO,tofu,informational,SEO,2101,11,0,21,9,7,What Is Technical SEO? Practical Guide for SaaS Teams,53,134,1,10,Article|BreadcrumbList|DefinedTerm|FAQPage|Organization,1,1,40,1,True,False,True,False,True
/glossary/what-is-third-party-cookies/,glossary,True,what is Third-Party Cookies,tofu,informational,Analytics & Attribution,1953,7,0,0,6,4,What Are Third-Party Cookies? A Plain-English Guide,51,157,1,8,Article|BreadcrumbList|DefinedTerm|Organization,1,0,31,0,True,False,True,False,True
/glossary/what-is-thought-leadership/,glossary,True,what is Thought Leadership,tofu,informational,Content Marketing,1778,8,0,13,7,6,What Is Thought Leadership? Real Definition for SaaS Teams,58,149,1,9,Article|BreadcrumbList|DefinedTerm|FAQPage|Organization,1,1,37,0,True,False,True,False,True
/glossary/what-is-topical-authority/,glossary,True,what is Topical Authority,tofu,informational,SEO,1562,8,0,3,6,1,What Is Topical Authority? A SaaS SEO Guide,43,146,1,8,Article|BreadcrumbList|DefinedTerm|FAQPage|Organization,1,1,24,0,True,False,True,False,True
/glossary/what-is-upsell/,glossary,True,what is Upsell,tofu,informational,SaaS Metrics & Growth,1653,5,0,1,4,2,What Is Upsell? The SaaS Revenue Guide,38,142,1,8,Article|BreadcrumbList|DefinedTerm|Organization,1,0,33,0,True,False,True,False,True
/glossary/what-is-user-generated-content/,glossary,True,what is User Generated Content,tofu,informational,Content Marketing,2182,10,0,0,9,6,What Is User Generated Content? Full Guide for SaaS Teams,57,137,1,10,Article|BreadcrumbList|DefinedTerm|FAQPage|Organization,1,1,14,0,True,False,True,False,True
/list/b2b-ppc-experts/,list,True,b2b ppc experts,bofu,commercial,B2B PPC,4084,13,50,0,6,11,13 Best B2B PPC Experts & Consultants (2026),44,141,1,10,Article|BreadcrumbList|FAQPage|ItemList|Organization,0,3,4,0,True,False,True,False,True
/list/best-aeo-agency/,list,True,best aeo agency,bofu,commercial,SEO,7894,21,79,2,20,10,12 Best AEO Agencies in USA 2026 (Top Picks),44,149,1,11,Article|BreadcrumbList|FAQPage|ItemList|Organization,0,1,3,1,True,False,True,False,True
/list/best-affordable-b2b-ppc-agencies/,list,True,best affordable b2b ppc agencies,bofu,commercial,B2B PPC,5065,14,50,15,14,7,Best Affordable B2B PPC Agencies for 2026 (Top 7),49,127,1,9,Article|BreadcrumbList|FAQPage|ItemList|Organization,0,2,4,0,True,False,True,False,True
/list/best-ai-seo-agencies/,list,True,best ai seo agencies,bofu,commercial,SEO,5937,11,57,2,11,5,10 Best AI SEO Agencies for 2026 (Honest Review),48,147,1,9,Article|BreadcrumbList|FAQPage|ItemList|Organization,0,1,7,0,True,False,True,False,True
/list/best-ai-visibility-tools/,list,True,best ai visibility tools,bofu,commercial,SEO Tools,6980,3,75,0,3,1,9 Best AI Visibility Tracking Tools (2026),42,145,1,9,Article|BreadcrumbList|FAQPage|ItemList|Organization,0,0,0,0,True,False,True,False,True
/list/best-b2b-advertising-agencies/,list,True,best b2b advertising agencies,bofu,commercial,B2B PPC,7437,15,64,1,14,7,The Top 11 B2B Advertising Agencies for 2026 (My Picks),55,128,1,11,Article|BreadcrumbList|FAQPage|ItemList|Organization,0,1,5,3,True,False,True,False,True
/list/best-b2b-content-marketing-agencies/,list,True,best b2b content marketing agencies,bofu,commercial,B2B Content Marketing,5576,19,40,1,18,7,I Ranked the 9 Best B2B Content Marketing Agencies (2026),57,109,1,9,Article|BreadcrumbList|FAQPage|ItemList|Organization,0,1,4,1,True,False,True,False,True
/list/best-b2b-demand-generation-agencies/,list,True,best b2b demand generation agencies,bofu,commercial,B2B Demand Generation,7134,15,42,0,14,9,Top 11 B2B Demand Generation Agencies in 2026 (My Picks),56,115,1,11,Article|BreadcrumbList|FAQPage|ItemList|Organization,0,1,3,0,True,False,True,False,True
/list/best-b2b-google-ads-agencies/,list,True,best b2b google ads agencies,bofu,commercial,B2B PPC,6421,21,45,11,20,8,I Ranked the 11 Best B2B Google Ads Agencies (2026),51,119,1,9,Article|BreadcrumbList|FAQPage|ItemList|Organization,0,1,4,1,True,False,True,False,True
/list/best-b2b-lead-generation-companies/,list,True,best b2b lead generation agencies,bofu,commercial,B2B Lead Generation,4639,14,18,0,13,5,I Ranked the 8 Best B2B Lead Generation Agencies (2026),55,115,1,9,Article|BreadcrumbList|FAQPage|ItemList|Organization,0,1,5,0,True,False,True,False,True
/list/best-b2b-marketing-agencies/,list,True,best b2b marketing agencies,bofu,commercial,B2B Marketing,6361,19,58,30,18,6,I Ranked the 11 Best B2B Marketing Agencies (2026),50,132,1,9,Article|BreadcrumbList|FAQPage|ItemList|Organization,0,1,4,3,True,False,True,False,True
/list/best-b2b-seo-agencies/,list,True,best b2b seo agencies,bofu,commercial,B2B SEO,6266,19,50,39,18,7,We Ranked The Best 11 B2B SEO Agencies To Improve Pipeline,58,120,1,9,Article|BreadcrumbList|FAQPage|ItemList|Organization,0,1,5,0,True,False,True,False,True
/list/best-cro-tools-saas/,list,True,best cro tools saas,bofu,commercial,CRO Tools,5931,3,63,0,2,0,8 Best CRO Tools for SaaS (2026 Honest Review),46,150,1,9,Article|BreadcrumbList|FAQPage|ItemList|Organization,0,0,2,0,True,False,True,False,True
/list/best-cybersecurity-marketing-agencies/,list,True,best cybersecurity marketing agencies,bofu,commercial,B2B Marketing,6303,11,42,0,10,6,Best 10 Cybersecurity Marketing Agencies in 2026,48,135,1,11,Article|BreadcrumbList|FAQPage|ItemList|Organization,0,1,3,1,True,False,True,False,True
/list/best-devtools-marketing-agencies/,list,True,best devtools marketing agencies,bofu,commercial,B2B Marketing,4911,12,58,0,11,6,10 Best DevTools Marketing Agencies in 2026,43,142,1,9,Article|BreadcrumbList|FAQPage|ItemList|Organization,0,1,2,0,True,False,True,False,True
/list/best-edtech-marketing-agencies/,list,True,best edtech marketing agencies,bofu,commercial,Edtech Marketing,4163,8,44,0,8,6,7 Best Edtech Marketing Agencies in 2026 (Reviewed),51,146,1,9,Article|BreadcrumbList|FAQPage|ItemList|Organization,0,1,3,0,True,False,True,False,True
/list/best-enterprise-seo-agencies/,list,True,best enterprise seo agencies,bofu,commercial,Enterprise Marketing,5282,15,51,15,11,5,10 Best Enterprise SEO Agencies (Ranked for 2026),49,122,1,9,Article|BreadcrumbList|FAQPage|ItemList|Organization,0,1,6,1,True,False,True,False,True
/list/best-free-keyword-research-tools/,list,True,best free keyword research tools,bofu,commercial,SEO Tools,4617,6,54,1,5,5,7 Best Free Keyword Research Tools in 2026,42,136,1,9,Article|BreadcrumbList|FAQPage|ItemList|Organization,0,1,4,0,True,False,True,False,True
/list/best-geo-agencies/,list,True,best geo agencies,bofu,commercial,SEO,6189,19,67,3,19,8,12 Best GEO Agencies for 2026 (Honest Review),45,143,1,9,Article|BreadcrumbList|FAQPage|ItemList|Organization,0,1,2,0,True,False,True,False,True
/list/best-healthtech-marketing-agencies/,list,True,best healthtech marketing agencies,bofu,commercial,B2B Marketing,5104,9,43,0,9,6,9 Best HealthTech Marketing Agencies in 2026,44,128,1,9,Article|BreadcrumbList|FAQPage|ItemList|Organization,0,1,3,0,True,False,True,False,True
/list/best-heatmap-session-recording-tools-for-saas/,list,True,best heatmap session recording tools for saas,bofu,commercial,CRO Tools,5118,6,37,2,5,0,5 Best Heatmap & Session Recording Tools for SaaS,49,139,1,10,Article|BreadcrumbList|FAQPage|ItemList|Organization,0,0,1,0,True,False,True,False,True
/list/best-hr-tech-marketing-agencies/,list,True,best hr tech marketing agencies,bofu,commercial,B2B Marketing,5745,11,63,0,10,5,11 Best HR Tech Marketing Agencies in 2026 (Honest Review),58,133,1,9,Article|BreadcrumbList|FAQPage|ItemList|Organization,0,1,3,0,True,False,True,False,True
/list/best-keyword-clustering-tools/,list,True,best keyword clustering tools,bofu,commercial,SEO Tools,4994,6,55,1,4,2,7 Best Keyword Clustering Tools for SaaS in 2026,48,142,1,9,Article|BreadcrumbList|FAQPage|ItemList|Organization,0,1,5,0,True,False,True,False,True
/list/best-landing-page-builders-for-saas/,list,True,best landing page builders for saas,bofu,commercial,CRO Tools,5755,5,45,1,5,2,7 Best Landing Page Builders for SaaS (2026),44,133,1,10,Article|BreadcrumbList|FAQPage|ItemList|Organization,0,1,1,0,True,False,True,False,True
/list/best-legaltech-marketing-agencies/,list,True,best legaltech marketing agencies,bofu,commercial,B2B Marketing,6594,14,55,0,13,9,Best 10 LegalTech Marketing Agencies in 2026,44,133,1,9,Article|BreadcrumbList|FAQPage|ItemList|Organization,0,1,3,0,True,False,True,False,True
/list/best-linkedin-marketing-agencies/,list,True,best linkedin marketing agencies,bofu,commercial,B2B LinkedIn Marketing,5330,9,68,1,8,6,Best LinkedIn Marketing Agencies for B2B in 2026,48,136,1,9,Article|BreadcrumbList|FAQPage|ItemList|Organization,0,1,2,0,True,False,True,False,True
/list/best-martech-marketing-agencies/,list,True,best martech marketing agencies,bofu,commercial,B2B Marketing,5083,13,55,0,13,5,10 Best Martech Marketing Agencies (2026 Review),48,143,1,9,Article|BreadcrumbList|FAQPage|ItemList|Organization,0,1,2,0,True,False,True,False,True
/list/best-proptech-marketing-agencies/,list,True,best proptech marketing agencies,bofu,commercial,B2B Marketing,5984,16,75,0,12,8,11 Best Proptech Marketing Agencies (2026 Review),49,128,1,9,Article|BreadcrumbList|FAQPage|ItemList|Organization,0,1,4,0,True,False,True,False,True
/list/best-rank-tracking-tools-for-saas/,list,True,best rank tracking tools for saas,bofu,commercial,SEO Tools,6176,5,71,4,5,0,7 Best Rank Tracking Tools for SaaS (2026),42,135,1,10,Article|BreadcrumbList|FAQPage|ItemList|Organization,0,1,1,0,True,False,True,False,True
/list/best-saas-content-marketing-agencies/,list,True,best saas content marketing agencies,bofu,commercial,SaaS Content Marketing,5508,9,60,1,9,5,10 Best SaaS Content Marketing Agencies (2026 Review),53,144,1,9,Article|BreadcrumbList|FAQPage|ItemList|Organization,0,1,2,2,True,False,True,False,True
/list/best-saas-geo-agencies/,list,True,best saas geo agencies,bofu,commercial,SaaS SEO,4413,13,47,1,13,5,8 Best SaaS GEO Agencies for 2026 (Honest Review),49,144,1,9,Article|BreadcrumbList|FAQPage|ItemList|Organization,0,1,2,0,True,False,True,False,True
/list/best-saas-growth-marketing-agencies/,list,True,best saas growth marketing agencies,bofu,commercial,SaaS Marketing,4833,17,61,0,17,5,9 Best SaaS Growth Marketing Agencies (2026 Review),51,137,1,9,Article|BreadcrumbList|FAQPage|ItemList|Organization,0,1,2,0,True,False,True,False,True
/list/best-saas-link-building-agencies/,list,True,best saas link building agencies,bofu,commercial,SaaS SEO,4885,9,58,0,9,5,9 Best SaaS Link Building Agencies in 2026 (Honest Review),58,144,1,9,Article|BreadcrumbList|FAQPage|ItemList|Organization,0,1,3,0,True,False,True,False,True
/list/best-saas-marketing-agencies-2026/,list,True,best saas marketing agencies,bofu,commercial,SaaS Marketing,4836,16,46,62,16,5,9 Best SaaS Marketing Agencies in 2026 (Honest Review),54,131,1,9,Article|BreadcrumbList|FAQPage|ItemList|Organization,0,1,2,8,True,False,True,False,True
/list/best-saas-ppc-agencies/,list,True,best saas ppc agencies,bofu,commercial,SaaS PPC,5129,15,69,30,15,5,10 Best SaaS PPC Agencies in 2026 (Honest Review),49,138,1,9,Article|BreadcrumbList|FAQPage|ItemList|Organization,0,1,6,3,True,False,True,False,True
/list/best-saas-seo-agencies-for-product-led-growth/,list,True,best saas seo agencies for plg,bofu,commercial,SEO,5678,16,75,3,15,9,Best 11 SaaS SEO Agencies for PLG (2026 Review),47,154,1,9,Article|BreadcrumbList|FAQPage|ItemList|Organization,0,0,0,0,True,False,True,False,True
/list/best-saas-seo-agencies-for-sales-led-growth/,list,True,best saas seo agencies for slg,bofu,commercial,SEO,5623,19,76,3,15,7,Best 11 SaaS SEO Agencies for Sales-Led Growth 2026,51,140,1,9,Article|BreadcrumbList|FAQPage|ItemList|Organization,0,0,0,0,True,False,True,False,True
/list/best-saas-seo-agencies-for-series-a/,list,True,best saas seo agencies for series a,bofu,commercial,SEO,5933,19,55,3,16,11,Best 11 SaaS SEO Agencies for Series A (2026),45,136,1,9,Article|BreadcrumbList|FAQPage|ItemList|Organization,0,1,3,0,True,False,True,False,True
/list/best-saas-seo-agencies-for-series-b/,list,True,best saas seo agencies for series b,bofu,commercial,SEO,5729,18,59,3,18,8,Best 11 SaaS SEO Agencies for Series B (2026),45,146,1,9,Article|BreadcrumbList|FAQPage|ItemList|Organization,0,1,3,0,True,False,True,False,True
/list/best-saas-seo-agencies-for-startups/,list,True,best saas seo agencies for startups,bofu,commercial,SEO,6206,14,52,6,14,8,12 Best SaaS SEO Agencies for Startups (Honest 2026 Review),59,136,1,9,Article|BreadcrumbList|FAQPage|ItemList|Organization,0,1,3,0,True,False,True,False,True
/list/best-saas-seo-agencies/,list,True,best saas seo agencies,bofu,commercial,SaaS SEO,5926,21,60,65,17,10,11 Best SaaS SEO Agencies (Honest 2026 Review),46,130,1,9,Article|BreadcrumbList|FAQPage|ItemList|Organization,0,1,6,18,True,False,True,False,True
/list/best-schema-markup-tools-for-saas/,list,True,best schema markup tools for saas,bofu,commercial,SEO Tools,5397,9,56,0,6,3,5 Best Schema Markup Tools for SaaS (2026),42,158,1,10,Article|BreadcrumbList|FAQPage|ItemList|Organization,0,1,1,0,True,False,True,False,True
/list/best-serp-testing-tools-for-saas/,list,True,best serp testing tools for saas,bofu,commercial,SEO Tools,4999,7,45,0,7,0,7 Best SERP & Rich Results Testing Tools for SaaS,49,152,1,10,Article|BreadcrumbList|FAQPage|ItemList|Organization,0,0,0,0,True,False,True,False,True
/list/best-technical-seo-agencies/,list,True,best technical seo agencies,bofu,commercial,SEO,4578,10,49,0,10,4,9 Best Technical SEO Agencies for 2026 (Honest Review),54,143,1,9,Article|BreadcrumbList|FAQPage|ItemList|Organization,0,1,2,0,True,False,True,False,True
/list/saas-seo-experts/,list,True,saas seo experts,bofu,commercial,SaaS SEO,4402,11,55,0,6,10,13 Best SaaS SEO Experts & Consultants (2026),45,134,1,10,Article|BreadcrumbList|FAQPage|ItemList|Organization,0,3,5,3,True,False,True,False,True
/list/top-b2b-ppc-agencies/,list,True,best b2b ppc agencies,bofu,commercial,B2B PPC,5313,12,72,0,12,5,10 Best B2B PPC Agencies in 2026 (Honest Review),48,143,1,9,Article|BreadcrumbList|FAQPage|ItemList|Organization,0,1,3,0,False,True,True,False,True
/list/top-fintech-marketing-agencies/,list,True,best fintech marketing agencies,bofu,commercial,Fintech SEO,5749,12,74,0,12,8,10 Best Fintech Marketing Agencies in 2026 (Honest Review),58,123,1,9,Article|BreadcrumbList|FAQPage|ItemList|Organization,0,1,2,0,True,False,True,False,True
/list/top-fintech-seo-agencies/,list,True,best fintech seo agencies,bofu,commercial,Fintech SEO,4773,7,68,1,7,5,9 Best Fintech SEO Agencies in 2026 (Honest Review),51,120,1,9,Article|BreadcrumbList|FAQPage|ItemList|Organization,0,1,2,0,True,False,True,False,True
/list/top-performance-marketing-agencies/,list,True,best performance marketing agencies,bofu,commercial,B2B PPC,4804,15,51,3,10,8,9 Best Performance Marketing Agencies (2026 Review),51,128,1,9,Article|BreadcrumbList|FAQPage|ItemList|Organization,0,1,3,0,True,False,True,False,True
/compare/directive-consulting-vs-refine-labs/,compare,True,directive consulting vs refine labs,bofu,commercial,Head-to-head,439,0,0,0,0,0,Directive Consulting vs Refine Labs Compared,44,150,1,12,FAQPage|Organization,2,1,1,0,True,False,True,False,True
/compare/klientboost-vs-disruptive-advertising/,compare,True,klientboost vs disruptive advertising,bofu,commercial,Head-to-head,424,0,0,0,0,0,KlientBoost vs Disruptive Advertising Compared,46,157,1,12,FAQPage|Organization,2,1,1,0,True,False,True,False,True
/compare/piperocket-digital-vs-klientboost/,compare,True,piperocket digital vs klientboost,bofu,navigational,Agency comparison,358,0,0,13,0,0,PipeRocket vs KlientBoost: B2B SaaS Agency Compared,51,155,1,13,FAQPage|Organization,2,0,0,0,True,False,True,False,True
/compare/piperocket-digital-vs-nogood/,compare,True,piperocket digital vs nogood,bofu,navigational,Agency comparison,344,0,0,19,0,0,PipeRocket vs NoGood: B2B SaaS Agency Compared,46,160,1,13,FAQPage|Organization,2,0,0,0,True,False,True,False,True
/compare/piperocket-digital-vs-omniscient-digital/,compare,True,piperocket digital vs omniscient digital,bofu,navigational,Agency comparison,351,0,0,17,0,0,PipeRocket vs Omniscient Digital: SaaS Agency Compared,54,159,1,13,FAQPage|Organization,2,0,0,0,True,False,True,False,True
/compare/piperocket-digital-vs-siege-media/,compare,True,piperocket digital vs siege media,bofu,navigational,Agency comparison,388,0,0,18,0,0,PipeRocket vs Siege Media: B2B SaaS Agency Compared,51,156,1,13,FAQPage|Organization,2,0,0,0,True,False,True,False,True
/compare/piperocket-digital-vs-webfx/,compare,True,piperocket digital vs webfx,bofu,navigational,Agency comparison,345,0,0,8,0,0,PipeRocket vs WebFX: B2B SaaS Agency Compared,45,155,1,13,FAQPage|Organization,2,0,0,0,True,False,True,False,True
/compare/piperocket-vs-directive-consulting/,compare,True,piperocket vs directive consulting,bofu,navigational,Agency comparison,58,0,0,26,0,0,PipeRocket vs Directive Consulting: SaaS Agency Compared,56,131,1,15,FAQPage|Organization,2,0,0,0,True,False,True,False,True
/compare/siege-media-vs-animalz/,compare,True,siege media vs animalz,bofu,commercial,Head-to-head,385,0,0,0,0,0,Siege Media vs Animalz: Content Agencies Compared,49,152,1,12,FAQPage|Organization,2,1,1,0,True,False,True,False,True
/compare/siege-media-vs-omniscient-digital/,compare,True,siege media vs omniscient digital,bofu,commercial,Head-to-head,449,0,0,0,0,0,Siege Media vs Omniscient Digital Compared,42,153,1,12,FAQPage|Organization,2,1,1,0,True,False,True,False,True
/compare/simpletiger-vs-skale/,compare,True,simpletiger vs skale,bofu,commercial,Head-to-head,481,0,0,0,0,0,SimpleTiger vs Skale: SaaS SEO Agencies Compared,48,137,1,12,FAQPage|Organization,2,1,1,0,True,False,True,False,True
/alternative/animalz-alternatives/,alternative,True,animalz alternatives,bofu,commercial,Alternatives,5610,14,60,8,14,7,9 Best Animalz Alternatives in 2026 (Ranked),44,134,1,9,Article|BreadcrumbList|FAQPage|Organization,1,4,7,0,True,False,True,False,True
/alternative/directive-consulting-alternatives/,alternative,True,directive consulting alternatives,bofu,commercial,Alternatives,7699,12,65,25,12,7,10 Best Directive Consulting Alternatives in 2026,49,145,1,8,Article|BreadcrumbList|FAQPage|Organization,1,3,4,0,True,False,True,False,True
/alternative/kalungi-alternatives/,alternative,True,kalungi alternatives,bofu,commercial,Alternatives,7933,13,82,10,13,5,10 Best Kalungi Alternatives in 2026 (Ranked),45,151,1,9,Article|BreadcrumbList|FAQPage|Organization,1,4,10,2,True,False,True,False,True
/alternative/klientboost-alternatives/,alternative,True,klientboost alternatives,bofu,commercial,Alternatives,6474,12,71,12,12,7,9 Best KlientBoost Alternatives in 2026,39,141,1,8,Article|BreadcrumbList|FAQPage|Organization,1,3,5,0,True,False,True,False,True
/alternative/nogood-alternatives/,alternative,True,nogood alternatives,bofu,commercial,Alternatives,6815,10,71,18,10,6,9 Best NoGood Alternatives in 2026 (Honest Review),50,138,1,8,Article|BreadcrumbList|FAQPage|Organization,1,4,8,1,True,False,True,False,True
/alternative/omniscient-digital-alternatives/,alternative,True,omniscient digital alternatives,bofu,commercial,Alternatives,7808,9,72,16,9,5,10 Best Omniscient Digital Alternatives in 2026,47,138,1,8,Article|BreadcrumbList|FAQPage|Organization,1,3,4,0,True,False,True,False,True
/alternative/powered-by-search-alternatives/,alternative,True,powered by search alternatives,bofu,commercial,Alternatives,7073,13,72,7,13,7,9 Best Powered by Search Alternatives in 2026,45,155,1,9,Article|BreadcrumbList|FAQPage|Organization,1,4,7,0,True,False,True,False,True
/alternative/refine-labs-alternatives/,alternative,True,refine labs alternatives,bofu,commercial,Alternatives,5990,18,66,6,17,10,9 Best Refine Labs Alternatives in 2026 (Ranked),48,144,1,9,Article|BreadcrumbList|FAQPage|Organization,1,5,9,1,True,False,True,False,True
/alternative/siege-media-alternatives/,alternative,True,siege media alternatives,bofu,commercial,Alternatives,6949,11,74,17,11,6,10 Best Siege Media Alternatives in 2026,40,130,1,8,Article|BreadcrumbList|FAQPage|Organization,1,4,9,0,True,False,True,False,True
/alternative/single-grain-alternatives/,alternative,True,single grain alternatives,bofu,commercial,Alternatives,6665,23,60,9,22,12,9 Best Single Grain Alternatives in 2026,40,155,1,9,Article|BreadcrumbList|FAQPage|Organization,1,4,8,0,True,False,True,False,True
/alternative/webfx-alternatives/,alternative,True,webfx alternatives,bofu,commercial,Alternatives,7162,17,80,7,17,10,10 Best WebFX Alternatives in 2026 (Ranked),43,151,1,8,Article|BreadcrumbList|FAQPage|Organization,1,4,7,0,True,False,True,False,True
/case-study-cybersierra/,case-study,True,cybersierra case study,bofu,navigational,null,141,0,0,1,0,0,CyberSierra Case Study: 279% Organic Traffic Growth,51,150,1,6,Article|BreadcrumbList|Organization,2,0,0,0,True,False,True,False,True
/case-study-devrev/,case-study,True,devrev case study,bofu,navigational,null,124,0,0,0,0,0,DevRev Case Study: 127% Traffic Growth in 6 Months,50,141,1,6,Article|BreadcrumbList|Organization,2,0,0,0,True,False,True,False,True
/case-study-hyperstart/,case-study,True,hyperstart case study,bofu,navigational,null,269,0,0,16,0,0,HyperStart Case Study: 2X Leads at 73% Less Cost,48,143,1,6,Article|BreadcrumbList|Organization,2,0,0,0,True,False,True,False,True
/case-study-hyperverge/,case-study,True,hyperverge case study,bofu,navigational,null,325,0,0,16,0,0,HyperVerge Case Study: 3.5X MQL Growth,38,136,1,6,Article|BreadcrumbList|Organization,2,0,0,0,True,False,True,False,True
/case-study-spendflo/,case-study,True,spendflo case study,bofu,navigational,null,154,0,0,2,0,0,Spendflo Case Study: 61% Traffic Lift in 6 Months,49,146,1,6,Article|BreadcrumbList|Organization,2,0,0,0,True,False,True,False,True
/case-study-storylane/,case-study,True,storylane case study,bofu,navigational,null,459,0,0,16,0,0,"Storylane Case Study: 2.5X Growth, 62% More Demos",49,148,1,7,Article|BreadcrumbList|Organization,2,0,0,0,True,False,True,False,True
/tools/free-seo-roi-calculator/,tool,True,free seo roi calculator,bofu,transactional,null,0,0,0,0,0,0,Free SEO ROI Calculator for B2B SaaS,36,152,1,10,Organization|WebApplication,0,0,0,0,True,False,True,False,True
/tools/ppc-roas-calculator/,tool,True,ppc roas calculator,bofu,transactional,null,0,0,0,0,0,0,ROAS Calculator for B2B SaaS Paid Campaigns,43,159,1,3,Organization|WebApplication,0,0,0,0,True,False,True,False,True
/author/deepan-siddhu/,author,False,,brand,navigational,null,0,0,0,0,0,0,"Deepan Siddhu, Sr. Director of Growth Marketing | PipeRocket Digital",68,151,1,2,Article|BreadcrumbList|Organization,4,0,0,0,True,False,True,False,True
/author/douglas-ribback/,author,False,,brand,navigational,null,0,0,0,0,0,0,"Douglas Ribback, VP, Head of Global Demand Generation | PipeRocket Digital",74,147,1,2,Article|BreadcrumbList|Organization,4,0,0,0,True,False,True,False,True
/author/immanual/,author,False,,brand,navigational,null,0,0,0,0,0,0,"Immanual D M, PPC Specialist, PipeRocket Digital",48,153,1,2,Article|BreadcrumbList|Organization,4,0,0,0,True,False,True,False,True
/author/jithesh-joseph/,author,False,,brand,navigational,null,0,0,0,0,0,0,"Jithesh Joseph, Associate Director, Marketing | PipeRocket Digital",66,146,1,2,Article|BreadcrumbList|Organization,4,0,0,0,True,False,True,False,True
/author/kamaraj-mathiarasan/,author,False,,brand,navigational,null,0,0,0,1,0,0,"Kamaraj Mathiarasan (Kim), Co-Founder, PipeRocket Digital",57,132,1,3,Article|BreadcrumbList|Organization,4,0,0,0,True,False,True,False,True
/author/omar/,author,False,,brand,navigational,null,0,0,0,0,0,0,"Omar Sheriff, SEO Specialist, PipeRocket Digital",48,151,1,3,Article|BreadcrumbList|Organization,4,0,0,0,True,False,True,False,True
/author/praveen-ravi/,author,False,,brand,navigational,null,0,0,0,0,0,0,"Praveen Ravi, Co-Founder, PipeRocket Digital",44,155,1,3,Article|BreadcrumbList|Organization,4,0,0,0,True,False,True,False,True
/author/pritesh-vora/,author,False,,brand,navigational,null,0,0,0,0,0,0,"Pritesh Vora, SaaS Growth Advisor | PipeRocket Digital",54,150,1,2,Article|BreadcrumbList|Organization,4,0,0,0,True,False,True,False,True
/author/ranjeeth/,author,False,,brand,navigational,null,0,0,0,0,0,0,"Ranjeeth Kumar, SEO Manager at PipeRocket",41,153,1,3,Article|BreadcrumbList|Organization,4,0,0,0,True,False,True,False,True
/author/rohith/,author,False,,brand,navigational,null,0,0,0,0,0,0,"Sabari Rohith, Sr. SEO Specialist, PipeRocket Digital",53,158,1,3,Article|BreadcrumbList|Organization,4,0,0,0,True,False,True,False,True
/author/sabarish-chandrasekar/,author,False,,brand,navigational,null,0,0,0,0,0,0,"Sabarish Chandrasekar, PPC Lead, PipeRocket Digital",51,151,1,2,Article|BreadcrumbList|Organization,4,0,0,0,True,False,True,False,True
/author/vignesh-sampath/,author,False,,brand,navigational,null,0,0,0,0,0,0,"Vignesh Sampath, SEO Lead, PipeRocket Digital",45,150,1,3,Article|BreadcrumbList|Organization,4,0,0,0,True,False,True,False,True
/author/vishnu-prasad/,author,False,,brand,navigational,null,0,0,0,0,0,0,"Vishnu Prasadh, PPC Manager at PipeRocket",41,72,1,3,Article|BreadcrumbList|Organization,4,0,0,0,True,False,True,False,True
/,home,True,saas marketing agency,brand,commercial,null,0,0,0,52,0,0,B2B SaaS Marketing Agency Built for Pipeline | PipeRocket,57,156,1,14,Organization|WebSite,0,1,1,3,True,False,True,False,True
/alternative/,section,False,,brand,navigational,null,0,0,0,0,0,0,B2B SaaS Marketing Agency Alternatives,38,163,1,1,Article|BreadcrumbList|Organization,2,0,0,0,True,False,True,False,True
/author/,section,False,,brand,navigational,null,0,0,0,0,0,0,PipeRocket Authors | B2B SaaS Marketing Writers & Operators,59,161,1,1,Article|BreadcrumbList|Organization,4,0,0,0,True,False,True,False,True
/blogs/,section,False,,brand,navigational,null,0,0,0,0,0,0,B2B SaaS Marketing Blog,23,158,1,1,Article|BreadcrumbList|Organization,2,0,0,0,True,False,True,False,True
/case-study/,section,False,,brand,navigational,null,26,0,0,1,0,0,B2B SaaS Marketing Case Studies,31,147,1,6,Article|BreadcrumbList|Organization,2,0,0,0,True,False,True,False,True
/compare/,section,False,,brand,navigational,null,0,0,0,0,0,0,PipeRocket vs Other B2B SaaS Agencies (Honest Compare),54,168,1,1,Organization,0,0,0,0,True,False,True,False,True
/glossary/,section,False,,brand,navigational,null,0,0,0,0,0,0,"B2B SaaS Marketing Glossary | SEO, PPC, ABM Terms Explained",59,164,1,1,Article|BreadcrumbList|Organization,2,0,0,0,True,False,True,False,True
/list/,section,False,,brand,navigational,null,0,0,0,1,0,0,Best B2B SaaS Marketing & Agency Lists,38,169,1,1,Article|BreadcrumbList|Organization,2,0,0,0,True,False,True,False,True
/tools/,section,False,,brand,navigational,null,0,0,0,0,0,0,Free B2B SaaS Marketing Tools | PipeRocket,42,162,1,1,Organization,0,0,0,0,True,False,True,False,True
/vs/,section,False,,brand,navigational,null,0,0,0,0,0,0,Head-to-Head SaaS Tool & Agency Comparisons,43,161,1,1,Article|BreadcrumbList|Organization,4,0,0,0,True,False,True,False,True
/about-us/,utility,False,,brand,navigational,null,120,0,0,0,0,0,About PipeRocket Digital | B2B SaaS Marketing Operators,55,138,1,5,Organization,0,0,0,0,True,False,True,False,True
/account-based-marketing-agency/,landing,True,account based marketing agency,bofu,commercial,null,0,0,0,4,0,0,AI-First ABM Agency for US B2B SaaS | PipeRocket,48,174,1,14,Organization,0,0,0,0,True,False,True,False,True
/ai-seo-services/,landing,True,ai seo services,bofu,commercial,null,0,0,0,40,0,0,AI SEO Services for B2B SaaS (AEO + GEO) | PipeRocket,53,150,1,14,?|Organization,0,3,3,4,True,False,True,False,True
/bing-ads-agency/,landing,True,bing ads agency,bofu,commercial,null,0,0,0,0,0,0,B2B SaaS Bing Ads Agency | Pipeline-Attributed Microsoft Ads,60,189,1,15,?|Organization,0,4,4,0,True,False,True,False,True
/careers/,utility,False,,brand,navigational,null,1277,1,0,0,1,0,Careers at PipeRocket Digital | B2B SaaS Marketing Roles,56,160,1,9,Organization,0,0,0,0,True,False,True,False,True
/contact-us/,utility,False,,brand,navigational,null,0,0,0,159,0,0,Contact PipeRocket Digital | B2B SaaS Marketing Agency,54,139,1,4,Organization,0,0,0,0,True,False,True,False,True
/content-marketing-agency/,landing,True,content marketing agency,bofu,commercial,null,0,0,0,11,0,0,AI-First Content Marketing Agency for US B2B SaaS | PipeRocket,62,162,1,14,?|Organization,0,7,7,0,True,False,True,False,True
/cookies-policy/,utility,False,,brand,navigational,null,957,2,13,1,2,0,Cookies Policy | PipeRocket Digital,35,141,1,9,Organization,0,0,0,0,True,False,True,False,True
/cybersecurity-marketing-agency/,landing,True,cybersecurity marketing agency,bofu,commercial,null,0,0,0,0,0,0,AI-First Cybersecurity Marketing Agency for US B2B SaaS | PipeRocket,68,196,1,16,?|Organization,0,4,4,2,True,False,True,False,True
/devtools-marketing-agency/,landing,True,devtools marketing agency,bofu,commercial,null,0,0,0,0,0,0,AI-First DevTools Marketing Agency for US B2B SaaS | PipeRocket,63,199,1,15,?|Organization,0,4,4,1,True,False,True,False,True
/edtech-marketing-agency/,landing,True,edtech marketing agency,bofu,commercial,null,0,0,0,1,0,0,AI-First EdTech Marketing Agency for US B2B SaaS | PipeRocket,61,222,1,15,?|Organization,0,4,4,1,True,False,True,False,True
/enterprise-ai-seo-services/,landing,True,enterprise ai seo services,bofu,commercial,null,0,0,0,0,0,0,Enterprise AI SEO Agency | AI Search Visibility at Scale,56,149,1,14,?|Organization,0,0,0,0,True,False,True,False,True
/enterprise-ppc-agency/,landing,True,enterprise ppc agency,bofu,commercial,null,0,0,0,0,0,0,Enterprise PPC Agency | Pipeline-Attributed Paid Media at Scale,63,152,1,15,?|Organization,0,4,4,0,True,False,True,False,True
/enterprise-seo-agency/,landing,True,enterprise seo agency,bofu,commercial,null,0,0,0,0,0,0,Enterprise SEO Agency | Organic Pipeline at Scale,49,159,1,15,?|Organization,0,3,3,7,True,False,True,False,True
/faqs/,utility,False,,brand,navigational,null,0,0,0,0,0,0,"FAQs: Pricing, Process, Services & Results",42,127,1,5,Organization,0,0,0,0,True,False,True,False,True
/fintech-marketing-agency/,landing,True,fintech marketing agency,bofu,commercial,null,0,0,0,1,0,0,AI-First Fintech Marketing Agency for US B2B SaaS | PipeRocket,62,213,1,15,?|Organization,0,4,4,3,True,False,True,False,True
/fintech-ppc-agency/,landing,True,fintech ppc agency,bofu,commercial,null,0,0,0,1,0,0,AI-First Fintech PPC Agency for US B2B SaaS | PipeRocket,56,160,1,15,?|Organization,0,3,3,4,True,False,True,False,True
/fintech-seo-agency/,landing,True,fintech seo agency,bofu,commercial,null,0,0,0,2,0,0,AI-First Fintech SEO Agency for US B2B SaaS | PipeRocket,56,160,1,15,?|Organization,0,3,3,2,True,False,True,False,True
/google-ads-agency/,landing,True,google ads agency,bofu,commercial,null,0,0,0,1,0,0,B2B SaaS Google Ads Agency | Pipeline-Attributed Paid Search,60,156,1,15,?|Organization,0,4,4,2,True,False,True,False,True
/healthtech-marketing-agency/,landing,True,healthtech marketing agency,bofu,commercial,null,0,0,0,1,0,0,AI-First Health Tech Marketing Agency for US B2B SaaS | PipeRocket,66,234,1,16,?|Organization,0,3,3,1,True,False,True,False,True
/hrtech-marketing-agency/,landing,True,hrtech marketing agency,bofu,commercial,null,0,0,0,1,0,0,AI-First HR Tech Marketing Agency for US B2B SaaS | PipeRocket,62,205,1,15,?|Organization,0,2,2,0,True,False,True,False,True
/hrtech-ppc-agency/,landing,True,hrtech ppc agency,bofu,commercial,null,0,0,0,0,0,0,AI-First HR Tech PPC Agency for US B2B SaaS | PipeRocket,56,143,1,15,?|Organization,0,2,2,0,True,False,True,False,True
/hrtech-seo-agency/,landing,True,hrtech seo agency,bofu,commercial,null,0,0,0,0,0,0,AI-First HR Tech SEO Agency for US B2B SaaS | PipeRocket,56,143,1,15,Organization,0,2,2,0,True,False,True,False,True
/insurancetech-marketing-agency/,landing,True,insurancetech marketing agency,bofu,commercial,null,0,0,0,0,0,0,AI-First InsurTech Marketing Agency for US B2B SaaS | PipeRocket,64,224,1,16,?|Organization,0,0,0,0,True,False,True,False,True
/legaltech-marketing-agency/,landing,True,legaltech marketing agency,bofu,commercial,null,0,0,0,0,0,0,AI-First Legal Tech Marketing Agency for US B2B SaaS | PipeRocket,65,221,1,15,?|Organization,0,3,3,0,True,False,True,False,True
/link-building-agency/,landing,True,link building agency,bofu,commercial,null,0,0,0,16,0,0,AI-First Link Building Agency for US B2B SaaS | PipeRocket,58,167,1,15,?|Organization,0,6,6,0,True,False,True,False,True
/linkedin-marketing-agency/,landing,True,linkedin marketing agency,bofu,commercial,null,0,0,0,0,0,0,LinkedIn Marketing Agency | Revenue-Focused for B2B SaaS,56,145,1,15,?|Organization,0,4,4,3,True,False,True,False,True
/marketing-ops/,landing,True,marketing ops agency,bofu,commercial,null,0,0,0,25,0,0,AI-First Marketing Ops Agency for US B2B SaaS | PipeRocket,58,162,1,14,Organization,0,2,2,0,True,False,True,False,True
/martech-marketing-agency/,landing,True,martech marketing agency,bofu,commercial,null,0,0,0,1,0,0,AI-First MarTech Marketing Agency for US B2B SaaS | PipeRocket,62,235,1,15,?|Organization,0,4,4,1,True,False,True,False,True
/paid-social-agency/,landing,True,paid social agency,bofu,commercial,null,0,0,0,1,0,0,B2B SaaS Paid Social Agency | Pipeline-Attributed Social Ads,60,161,1,15,?|Organization,0,4,4,0,True,False,True,False,True
/partnership/,utility,False,,brand,navigational,null,781,1,0,0,1,0,"PipeRocket Partnership Program | Referral, Agency, Integration, Content",71,186,1,7,Organization,0,0,0,0,True,False,True,False,True
/pricing/,landing,True,,brand,commercial,null,0,0,0,2,0,0,B2B SaaS Marketing Agency Pricing | PipeRocket Plans,52,151,1,9,Organization,0,0,0,0,True,False,True,False,True
/privacy-policy/,utility,False,,brand,navigational,null,0,0,0,2,0,0,Privacy Policy,14,141,1,1,Organization,0,0,0,0,True,False,True,False,True
/programmatic-seo-agency/,landing,True,programmatic seo agency,bofu,commercial,null,0,0,0,9,0,0,AI-First Programmatic SEO (PSEO) Agency for US B2B SaaS | PipeRocket,68,164,1,16,?|Organization,0,4,4,0,True,False,True,False,True
/proptech-marketing-agency/,landing,True,proptech marketing agency,bofu,commercial,null,0,0,0,1,0,0,AI-First PropTech Marketing Agency for US B2B SaaS | PipeRocket,63,240,1,15,?|Organization,0,4,4,1,True,False,True,False,True
/research-methodology/,utility,False,,brand,navigational,null,1582,5,0,60,5,2,Research Methodology & Editorial Policy,39,121,1,11,Organization,0,0,0,0,True,False,True,False,True
/reviews/,landing,True,,brand,commercial,null,0,0,0,0,0,0,Reviews | Verified B2B SaaS Clients,35,127,1,2,Organization,0,0,0,0,True,False,True,False,True
/saas-ppc/faqs/,utility,False,,brand,navigational,null,1991,0,0,0,0,0,"SaaS PPC Agency FAQs | Pricing, Channels, Attribution",53,155,1,7,Organization,0,0,0,0,True,False,True,False,True
/saas-ppc/,landing,True,saas ppc,bofu,commercial,null,0,0,0,75,0,0,B2B SaaS PPC Agency | Pipeline-Attributed Paid Media,52,145,1,15,?|Organization,0,10,10,5,True,False,True,False,True
/saas-seo-agency/faqs/,utility,False,,brand,navigational,null,2263,0,0,0,0,0,"SaaS SEO Agency FAQs | Pricing, Timelines, Reporting",52,158,1,7,Organization,0,0,0,0,True,False,True,False,True
/saas-seo-agency/,landing,True,saas seo agency,bofu,commercial,null,0,0,0,136,0,0,B2B SaaS SEO Agency | Pipeline-First Organic Growth,51,149,1,15,?|FAQPage|Organization,0,4,4,21,True,False,True,False,True
/schedule-a-demo/,utility,False,,brand,navigational,null,0,0,0,0,0,0,Book a Demo | PipeRocket Digital B2B SaaS Marketing,51,145,1,1,Organization,0,0,0,0,True,False,True,False,True
/technical-seo-agency/,landing,True,technical seo agency,bofu,commercial,null,0,0,0,5,0,0,"B2B SaaS Technical SEO Agency | Crawl, Index & Convert",54,173,1,15,?|Organization,0,3,3,2,True,False,True,False,True
/terms-and-conditions/,utility,False,,brand,navigational,null,2470,4,0,1,3,0,Terms and Conditions | PipeRocket Digital,41,178,1,20,Organization,0,0,0,0,True,False,True,False,True
/webinar-pritesh/,utility,False,,brand,navigational,null,0,0,0,0,0,0,Webinar: B2B SaaS Marketing with Pritesh,40,159,1,1,Organization,0,0,0,0,True,False,True,False,True
/write-for-us-digital-marketing-seo-ppc/,utility,False,,brand,navigational,null,0,0,0,0,0,0,Write for PipeRocket | B2B SaaS Marketing Contributor Guide,59,157,1,1,Organization,0,0,0,0,True,False,True,False,True
