source_type,source_slug,source_cluster,source_path,method,destination_type,target_cluster,anchor,target,priority,word_pos
blogs,b2b-marketing-operations-guide,b2b-marketing,content/blogs/b2b-marketing-operations-guide.md,existing_phrase,blog,b2b-marketing,B2B marketing,/blogs/b2b-marketing/,P0,2649
blogs,b2b-ppc-guide,b2b-ppc,content/blogs/b2b-ppc-guide.md,existing_phrase,blog,b2b-ppc,b2b ppc,/blogs/b2b-ppc/,P0,1137
blogs,b2b-ppc,b2b-ppc,content/blogs/b2b-ppc.md,existing_phrase,blog,saas-ppc,SaaS PPC,/blogs/saas-ppc/,P1,2559
blogs,enterprise-saas-seo-guide,enterprise-seo,content/blogs/enterprise-saas-seo-guide.md,existing_phrase,blog,enterprise-seo,Enterprise SEO,/blogs/enterprise-seo-guide/,P0,1995
blogs,enterprise-seo-challenges-and-fixes,enterprise-seo,content/blogs/enterprise-seo-challenges-and-fixes.md,existing_phrase,blog,enterprise-seo,enterprise SEO,/blogs/enterprise-seo-guide/,P0,914
blogs,enterprise-seo-strategy-and-framework,enterprise-seo,content/blogs/enterprise-seo-strategy-and-framework.md,existing_phrase,blog,enterprise-seo,enterprise SEO,/blogs/enterprise-seo-guide/,P0,474
blogs,how-to-run-linkedin-retargeting-ads,saas-ppc,content/blogs/how-to-run-linkedin-retargeting-ads.md,existing_phrase,blog,b2b-marketing,B2B marketing,/blogs/b2b-marketing/,P1,2428
blogs,optimize-saas-landing-pages-for-seo,saas-seo,content/blogs/optimize-saas-landing-pages-for-seo.md,existing_phrase,listicle,saas-seo,SaaS seo agencies,/list/best-saas-seo-agencies-for-startups/,P0,2382
blogs,saas-ppc-checklist,saas-ppc,content/blogs/saas-ppc-checklist.md,existing_phrase,blog,saas-ppc,SaaS PPC,/blogs/saas-ppc/,P0,1536
blogs,saas-seo-strategies-and-framework,saas-seo,content/blogs/saas-seo-strategies-and-framework.md,existing_phrase,listicle,saas-seo,SaaS SEO agencies,/list/best-saas-seo-agencies-for-startups/,P0,3366
blogs,the-no-nonsense-guide-to-auditing-your-saas-ppc-account,saas-ppc,content/blogs/the-no-nonsense-guide-to-auditing-your-saas-ppc-account.md,existing_phrase,blog,saas-ppc,SaaS PPC,/blogs/saas-ppc/,P0,2124
list,best-affordable-b2b-ppc-agencies,b2b-ppc,content/list/best-affordable-b2b-ppc-agencies.md,existing_phrase,listicle,b2b-ppc,performance marketing agencies,/list/top-performance-marketing-agencies/,P0,4402
list,best-affordable-b2b-ppc-agencies,b2b-ppc,content/list/best-affordable-b2b-ppc-agencies.md,new_sentence,compare,,PipeRocket vs WebFX,/compare/piperocket-digital-vs-webfx/,P0,4913
list,best-affordable-b2b-ppc-agencies,b2b-ppc,content/list/best-affordable-b2b-ppc-agencies.md,new_sentence,compare,,PipeRocket vs Directive Consulting,/compare/piperocket-vs-directive-consulting/,P0,2423
list,best-affordable-b2b-ppc-agencies,b2b-ppc,content/list/best-affordable-b2b-ppc-agencies.md,new_sentence,compare,,PipeRocket vs KlientBoost,/compare/piperocket-digital-vs-klientboost/,P0,1148
list,best-b2b-advertising-agencies,b2b-ppc,content/list/best-b2b-advertising-agencies.md,existing_phrase,blog,b2b-marketing,B2B marketing,/blogs/b2b-marketing/,P1,3740
list,best-b2b-google-ads-agencies,b2b-ppc,content/list/best-b2b-google-ads-agencies.md,existing_phrase,blog,b2b-ppc,B2B PPC,/blogs/b2b-ppc/,P0,4959
list,best-b2b-marketing-agencies,b2b-marketing,content/list/best-b2b-marketing-agencies.md,existing_phrase,blog,b2b-marketing,B2B marketing,/blogs/b2b-marketing/,P0,4243
list,best-cybersecurity-marketing-agencies,saas-marketing,content/list/best-cybersecurity-marketing-agencies.md,existing_phrase,blog,b2b-marketing,B2B marketing,/blogs/b2b-marketing/,P1,3692
list,best-enterprise-seo-agencies,enterprise-seo,content/list/best-enterprise-seo-agencies.md,existing_phrase,blog,enterprise-seo,Enterprise SEO,/blogs/enterprise-seo-guide/,P0,2850
list,best-enterprise-seo-agencies,enterprise-seo,content/list/best-enterprise-seo-agencies.md,new_sentence,compare,,PipeRocket vs Siege Media,/compare/piperocket-digital-vs-siege-media/,P0,3818
list,best-enterprise-seo-agencies,enterprise-seo,content/list/best-enterprise-seo-agencies.md,new_sentence,compare,,PipeRocket vs WebFX,/compare/piperocket-digital-vs-webfx/,P0,3365
list,best-geo-agencies,ai-seo,content/list/best-geo-agencies.md,existing_phrase,listicle,ai-seo,AEO Agency,/list/best-aeo-agency/,P0,3853
list,best-geo-agencies,ai-seo,content/list/best-geo-agencies.md,new_sentence,compare,,PipeRocket vs KlientBoost,/compare/piperocket-digital-vs-klientboost/,P0,5884
list,best-geo-agencies,ai-seo,content/list/best-geo-agencies.md,new_sentence,compare,,PipeRocket vs Siege Media,/compare/piperocket-digital-vs-siege-media/,P0,5438
list,best-geo-agencies,ai-seo,content/list/best-geo-agencies.md,new_sentence,compare,,PipeRocket vs NoGood,/compare/piperocket-digital-vs-nogood/,P0,5019
list,best-geo-agencies,ai-seo,content/list/best-geo-agencies.md,new_sentence,compare,,PipeRocket vs WebFX,/compare/piperocket-digital-vs-webfx/,P0,4586
list,best-geo-agencies,ai-seo,content/list/best-geo-agencies.md,new_sentence,compare,,PipeRocket vs Omniscient Digital,/compare/piperocket-digital-vs-omniscient-digital/,P0,2436
list,best-healthtech-marketing-agencies,saas-marketing,content/list/best-healthtech-marketing-agencies.md,new_sentence,compare,,PipeRocket vs NoGood,/compare/piperocket-digital-vs-nogood/,P0,3530
list,best-hr-tech-marketing-agencies,saas-marketing,content/list/best-hr-tech-marketing-agencies.md,new_sentence,compare,,PipeRocket vs Directive Consulting,/compare/piperocket-vs-directive-consulting/,P0,2997
list,best-martech-marketing-agencies,saas-marketing,content/list/best-martech-marketing-agencies.md,new_sentence,compare,,PipeRocket vs Directive Consulting,/compare/piperocket-vs-directive-consulting/,P0,1085
list,best-saas-content-marketing-agencies,saas-content-marketing,content/list/best-saas-content-marketing-agencies.md,new_sentence,compare,,PipeRocket vs Siege Media,/compare/piperocket-digital-vs-siege-media/,P0,1147
list,best-saas-geo-agencies,ai-seo,content/list/best-saas-geo-agencies.md,new_sentence,compare,,PipeRocket vs Siege Media,/compare/piperocket-digital-vs-siege-media/,P0,3781
list,best-saas-geo-agencies,ai-seo,content/list/best-saas-geo-agencies.md,new_sentence,compare,,PipeRocket vs Omniscient Digital,/compare/piperocket-digital-vs-omniscient-digital/,P0,2416
list,best-saas-growth-marketing-agencies,saas-marketing,content/list/best-saas-growth-marketing-agencies.md,existing_phrase,blog,enterprise-seo,Enterprise SEO,/blogs/enterprise-seo-guide/,P1,3751
list,best-saas-growth-marketing-agencies,saas-marketing,content/list/best-saas-growth-marketing-agencies.md,new_sentence,compare,,PipeRocket vs Omniscient Digital,/compare/piperocket-digital-vs-omniscient-digital/,P0,4646
list,best-saas-growth-marketing-agencies,saas-marketing,content/list/best-saas-growth-marketing-agencies.md,new_sentence,compare,,PipeRocket vs NoGood,/compare/piperocket-digital-vs-nogood/,P0,1988
list,best-saas-growth-marketing-agencies,saas-marketing,content/list/best-saas-growth-marketing-agencies.md,new_sentence,compare,,PipeRocket vs Directive Consulting,/compare/piperocket-vs-directive-consulting/,P0,1058
list,best-saas-link-building-agencies,saas-seo,content/list/best-saas-link-building-agencies.md,existing_phrase,blog,saas-seo,SaaS link building,/blogs/saas-link-building/,P0,2936
list,best-saas-link-building-agencies,saas-seo,content/list/best-saas-link-building-agencies.md,new_sentence,compare,,PipeRocket vs Siege Media,/compare/piperocket-digital-vs-siege-media/,P0,2494
list,best-saas-marketing-agencies-2026,saas-marketing,content/list/best-saas-marketing-agencies-2026.md,new_sentence,compare,,PipeRocket vs KlientBoost,/compare/piperocket-digital-vs-klientboost/,P0,3321
list,best-saas-marketing-agencies-2026,saas-marketing,content/list/best-saas-marketing-agencies-2026.md,new_sentence,compare,,PipeRocket vs NoGood,/compare/piperocket-digital-vs-nogood/,P0,2014
list,best-saas-marketing-agencies-2026,saas-marketing,content/list/best-saas-marketing-agencies-2026.md,new_sentence,compare,,PipeRocket vs Directive Consulting,/compare/piperocket-vs-directive-consulting/,P0,1091
list,best-saas-ppc-agencies,saas-ppc,content/list/best-saas-ppc-agencies.md,existing_phrase,blog,saas-ppc,SaaS PPC,/blogs/saas-ppc/,P0,2426
list,best-saas-ppc-agencies,saas-ppc,content/list/best-saas-ppc-agencies.md,new_sentence,compare,,PipeRocket vs NoGood,/compare/piperocket-digital-vs-nogood/,P0,4132
list,best-saas-ppc-agencies,saas-ppc,content/list/best-saas-ppc-agencies.md,new_sentence,compare,,PipeRocket vs KlientBoost,/compare/piperocket-digital-vs-klientboost/,P0,3300
list,best-saas-ppc-agencies,saas-ppc,content/list/best-saas-ppc-agencies.md,new_sentence,compare,,PipeRocket vs Directive Consulting,/compare/piperocket-vs-directive-consulting/,P0,1065
list,best-saas-seo-agencies-for-startups,saas-seo,content/list/best-saas-seo-agencies-for-startups.md,existing_phrase,blog,saas-seo,B2B SaaS SEO,/blogs/b2b-saas-seo/,P0,4615
list,best-saas-seo-agencies-for-startups,saas-seo,content/list/best-saas-seo-agencies-for-startups.md,new_sentence,compare,,PipeRocket vs Omniscient Digital,/compare/piperocket-digital-vs-omniscient-digital/,P0,3001
list,best-saas-seo-agencies,saas-seo,content/list/best-saas-seo-agencies.md,existing_phrase,listicle,saas-seo,SaaS SEO agencies,/list/best-saas-seo-agencies-for-startups/,P0,5880
list,best-saas-seo-agencies,saas-seo,content/list/best-saas-seo-agencies.md,new_sentence,compare,,PipeRocket vs Omniscient Digital,/compare/piperocket-digital-vs-omniscient-digital/,P0,4356
list,best-saas-seo-agencies,saas-seo,content/list/best-saas-seo-agencies.md,new_sentence,compare,,PipeRocket vs Siege Media,/compare/piperocket-digital-vs-siege-media/,P0,3442
list,best-technical-seo-agencies,saas-seo,content/list/best-technical-seo-agencies.md,existing_phrase,blog,enterprise-seo,enterprise SEO,/blogs/enterprise-seo-guide/,P1,2365
list,top-b2b-ppc-agencies,b2b-ppc,content/list/top-b2b-ppc-agencies.md,existing_phrase,blog,b2b-ppc,B2B PPC,/blogs/b2b-ppc/,P0,4455
list,top-b2b-ppc-agencies,b2b-ppc,content/list/top-b2b-ppc-agencies.md,new_sentence,compare,,PipeRocket vs KlientBoost,/compare/piperocket-digital-vs-klientboost/,P0,3292
list,top-b2b-ppc-agencies,b2b-ppc,content/list/top-b2b-ppc-agencies.md,new_sentence,compare,,PipeRocket vs WebFX,/compare/piperocket-digital-vs-webfx/,P0,1969
list,top-b2b-ppc-agencies,b2b-ppc,content/list/top-b2b-ppc-agencies.md,new_sentence,compare,,PipeRocket vs Directive Consulting,/compare/piperocket-vs-directive-consulting/,P0,1019
list,top-fintech-marketing-agencies,fintech-marketing,content/list/top-fintech-marketing-agencies.md,existing_phrase,blog,saas-seo,B2B SaaS SEO,/blogs/b2b-saas-seo/,P1,5220
list,top-fintech-marketing-agencies,fintech-marketing,content/list/top-fintech-marketing-agencies.md,new_sentence,compare,,PipeRocket vs Siege Media,/compare/piperocket-digital-vs-siege-media/,P0,4168
list,top-fintech-seo-agencies,fintech-marketing,content/list/top-fintech-seo-agencies.md,existing_phrase,blog,b2b-lead-gen,B2B lead generation,/blogs/b2b-lead-generation/,P1,4209
list,top-performance-marketing-agencies,b2b-ppc,content/list/top-performance-marketing-agencies.md,new_sentence,compare,,PipeRocket vs NoGood,/compare/piperocket-digital-vs-nogood/,P0,3302
list,top-performance-marketing-agencies,b2b-ppc,content/list/top-performance-marketing-agencies.md,new_sentence,compare,,PipeRocket vs Directive Consulting,/compare/piperocket-vs-directive-consulting/,P0,1039
alternative,directive-consulting-alternatives,,content/alternative/directive-consulting-alternatives.md,new_sentence,compare,,PipeRocket vs KlientBoost,/compare/piperocket-digital-vs-klientboost/,P0,4628
alternative,directive-consulting-alternatives,,content/alternative/directive-consulting-alternatives.md,new_sentence,alternative,,KlientBoost alternatives,/alternative/klientboost-alternatives/,P1,4628
alternative,directive-consulting-alternatives,,content/alternative/directive-consulting-alternatives.md,new_sentence,compare,,PipeRocket vs NoGood,/compare/piperocket-digital-vs-nogood/,P0,2034
alternative,directive-consulting-alternatives,,content/alternative/directive-consulting-alternatives.md,new_sentence,alternative,,NoGood alternatives,/alternative/nogood-alternatives/,P1,2034
alternative,klientboost-alternatives,,content/alternative/klientboost-alternatives.md,new_sentence,compare,,PipeRocket vs NoGood,/compare/piperocket-digital-vs-nogood/,P0,3055
alternative,klientboost-alternatives,,content/alternative/klientboost-alternatives.md,new_sentence,alternative,,NoGood alternatives,/alternative/nogood-alternatives/,P1,3055
alternative,klientboost-alternatives,,content/alternative/klientboost-alternatives.md,new_sentence,compare,,PipeRocket vs Directive Consulting,/compare/piperocket-vs-directive-consulting/,P0,1856
alternative,klientboost-alternatives,,content/alternative/klientboost-alternatives.md,new_sentence,alternative,,Directive Consulting alternatives,/alternative/directive-consulting-alternatives/,P1,1856
alternative,nogood-alternatives,,content/alternative/nogood-alternatives.md,new_sentence,compare,,PipeRocket vs Directive Consulting,/compare/piperocket-vs-directive-consulting/,P0,5192
alternative,nogood-alternatives,,content/alternative/nogood-alternatives.md,new_sentence,alternative,,Directive Consulting alternatives,/alternative/directive-consulting-alternatives/,P1,5192
alternative,omniscient-digital-alternatives,,content/alternative/omniscient-digital-alternatives.md,new_sentence,compare,,PipeRocket vs Siege Media,/compare/piperocket-digital-vs-siege-media/,P0,2071
alternative,omniscient-digital-alternatives,,content/alternative/omniscient-digital-alternatives.md,new_sentence,alternative,,Siege Media alternatives,/alternative/siege-media-alternatives/,P1,2071
alternative,siege-media-alternatives,,content/alternative/siege-media-alternatives.md,new_sentence,compare,,PipeRocket vs Omniscient Digital,/compare/piperocket-digital-vs-omniscient-digital/,P0,1929
alternative,siege-media-alternatives,,content/alternative/siege-media-alternatives.md,new_sentence,alternative,,Omniscient Digital alternatives,/alternative/omniscient-digital-alternatives/,P1,1929
alternative,webfx-alternatives,,content/alternative/webfx-alternatives.md,new_sentence,compare,,PipeRocket vs KlientBoost,/compare/piperocket-digital-vs-klientboost/,P0,2539
alternative,webfx-alternatives,,content/alternative/webfx-alternatives.md,new_sentence,alternative,,KlientBoost alternatives,/alternative/klientboost-alternatives/,P1,2539
alternative,webfx-alternatives,,content/alternative/webfx-alternatives.md,new_sentence,compare,,PipeRocket vs Directive Consulting,/compare/piperocket-vs-directive-consulting/,P0,1910
alternative,webfx-alternatives,,content/alternative/webfx-alternatives.md,new_sentence,alternative,,Directive Consulting alternatives,/alternative/directive-consulting-alternatives/,P1,1910
glossary,keyword-clusters,,content/glossary/keyword-clusters.md,existing_phrase,glossary,digital-marketing-metrics,ICP,/glossary/what-is-icp/,P2,495
glossary,keyword-clusters,,content/glossary/keyword-clusters.md,existing_phrase,glossary,seo-basics,SERP,/glossary/what-is-serp/,P2,307
glossary,keyword-clusters,,content/glossary/keyword-clusters.md,existing_phrase,glossary,seo-basics,SEO,/glossary/what-is-seo/,P2,61
glossary,what-is-a-301-redirect,seo-basics,content/glossary/what-is-a-301-redirect.md,existing_phrase,glossary,seo-basics,SEO,/glossary/what-is-seo/,P0,34
glossary,what-is-a-backlink,seo-basics,content/glossary/what-is-a-backlink.md,existing_phrase,glossary,seo-basics,anchor text,/glossary/what-is-anchor-text/,P0,1685
glossary,what-is-a-backlink,seo-basics,content/glossary/what-is-a-backlink.md,existing_phrase,blog,b2b-marketing,B2B marketing,/blogs/b2b-marketing/,P1,1082
glossary,what-is-a-backlink,seo-basics,content/glossary/what-is-a-backlink.md,existing_phrase,glossary,seo-basics,Domain authority,/glossary/what-is-domain-authority/,P0,922
glossary,what-is-a-backlink,seo-basics,content/glossary/what-is-a-backlink.md,existing_phrase,glossary,seo-basics,SEO,/glossary/what-is-seo/,P0,42
glossary,what-is-a-canonical-tag,seo-basics,content/glossary/what-is-a-canonical-tag.md,existing_phrase,glossary,seo-basics,technical SEO,/glossary/what-is-technical-seo/,P0,1569
glossary,what-is-a-canonical-tag,seo-basics,content/glossary/what-is-a-canonical-tag.md,existing_phrase,glossary,digital-marketing-metrics,CTR,/glossary/what-is-ctr/,P2,1027
glossary,what-is-a-canonical-tag,seo-basics,content/glossary/what-is-a-canonical-tag.md,existing_phrase,glossary,seo-basics,SERP,/glossary/what-is-serp/,P0,363
glossary,what-is-a-canonical-tag,seo-basics,content/glossary/what-is-a-canonical-tag.md,existing_phrase,glossary,seo-basics,backlinks,/glossary/what-is-a-backlink/,P0,240
glossary,what-is-a-canonical-tag,seo-basics,content/glossary/what-is-a-canonical-tag.md,existing_phrase,glossary,seo-basics,SEO,/glossary/what-is-seo/,P0,21
glossary,what-is-a-long-tail-keyword,seo-basics,content/glossary/what-is-a-long-tail-keyword.md,existing_phrase,glossary,seo-basics,SERP,/glossary/what-is-serp/,P0,822
glossary,what-is-a-long-tail-keyword,seo-basics,content/glossary/what-is-a-long-tail-keyword.md,existing_phrase,glossary,digital-marketing-metrics,ICP,/glossary/what-is-icp/,P2,711
glossary,what-is-a-long-tail-keyword,seo-basics,content/glossary/what-is-a-long-tail-keyword.md,existing_phrase,glossary,seo-basics,backlinks,/glossary/what-is-a-backlink/,P0,568
glossary,what-is-a-long-tail-keyword,seo-basics,content/glossary/what-is-a-long-tail-keyword.md,existing_phrase,glossary,seo-basics,domain authority,/glossary/what-is-domain-authority/,P0,394
glossary,what-is-a-long-tail-keyword,seo-basics,content/glossary/what-is-a-long-tail-keyword.md,existing_phrase,glossary,seo-basics,SEO,/glossary/what-is-seo/,P0,79
glossary,what-is-a-meta-description,seo-basics,content/glossary/what-is-a-meta-description.md,existing_phrase,glossary,seo-basics,SERP,/glossary/what-is-serp/,P0,625
glossary,what-is-a-meta-description,seo-basics,content/glossary/what-is-a-meta-description.md,existing_phrase,glossary,seo-basics,SEO,/glossary/what-is-seo/,P0,125
glossary,what-is-a-meta-description,seo-basics,content/glossary/what-is-a-meta-description.md,existing_phrase,glossary,digital-marketing-metrics,CTR,/glossary/what-is-ctr/,P2,27
glossary,what-is-abm,b2b-lead-gen,content/glossary/what-is-abm.md,existing_phrase,glossary,seo-basics,SEO,/glossary/what-is-seo/,P2,1070
glossary,what-is-abm,b2b-lead-gen,content/glossary/what-is-abm.md,existing_phrase,glossary,digital-marketing-metrics,ICP,/glossary/what-is-icp/,P2,845
glossary,what-is-ai-hallucination,ai-seo,content/glossary/what-is-ai-hallucination.md,existing_phrase,glossary,ai-seo,retrieval-augmented generation,/glossary/what-is-rag/,P0,1672
glossary,what-is-ai-hallucination,ai-seo,content/glossary/what-is-ai-hallucination.md,existing_phrase,glossary,ai-seo,LLM,/glossary/what-is-an-llm/,P0,158
glossary,what-is-an-llm,ai-seo,content/glossary/what-is-an-llm.md,existing_phrase,glossary,ai-seo,Retrieval-augmented generation,/glossary/what-is-rag/,P0,612
glossary,what-is-an-seo-audit,seo-basics,content/glossary/what-is-an-seo-audit.md,existing_phrase,glossary,seo-basics,anchor text,/glossary/what-is-anchor-text/,P0,1119
glossary,what-is-an-seo-audit,seo-basics,content/glossary/what-is-an-seo-audit.md,existing_phrase,glossary,saas-ppc,Google Ads,/glossary/what-is-google-ads/,P2,793
glossary,what-is-an-seo-audit,seo-basics,content/glossary/what-is-an-seo-audit.md,existing_phrase,glossary,seo-basics,technical SEO,/glossary/what-is-technical-seo/,P0,579
glossary,what-is-an-seo-audit,seo-basics,content/glossary/what-is-an-seo-audit.md,existing_phrase,glossary,seo-basics,backlinks,/glossary/what-is-a-backlink/,P0,205
glossary,what-is-an-seo-audit,seo-basics,content/glossary/what-is-an-seo-audit.md,existing_phrase,glossary,seo-basics,SEO,/glossary/what-is-seo/,P0,1
glossary,what-is-anchor-text,seo-basics,content/glossary/what-is-anchor-text.md,existing_phrase,glossary,seo-basics,technical SEO,/glossary/what-is-technical-seo/,P0,1985
glossary,what-is-anchor-text,seo-basics,content/glossary/what-is-anchor-text.md,existing_phrase,glossary,seo-basics,backlinks,/glossary/what-is-a-backlink/,P0,396
glossary,what-is-anchor-text,seo-basics,content/glossary/what-is-anchor-text.md,existing_phrase,glossary,seo-basics,SEO,/glossary/what-is-seo/,P0,27
glossary,what-is-brand-identity,brand-marketing,content/glossary/what-is-brand-identity.md,existing_phrase,glossary,digital-marketing-metrics,ICP,/glossary/what-is-icp/,P2,1556
glossary,what-is-brand-positioning,brand-marketing,content/glossary/what-is-brand-positioning.md,existing_phrase,glossary,saas-ppc,performance marketing,/glossary/what-is-performance-marketing/,P2,1589
glossary,what-is-brand-positioning,brand-marketing,content/glossary/what-is-brand-positioning.md,existing_phrase,blog,saas-ppc,SaaS PPC,/blogs/saas-ppc/,P1,1476
glossary,what-is-brand-positioning,brand-marketing,content/glossary/what-is-brand-positioning.md,existing_phrase,glossary,digital-marketing-metrics,ICP,/glossary/what-is-icp/,P2,696
glossary,what-is-cls,digital-marketing-metrics,content/glossary/what-is-cls.md,existing_phrase,glossary,seo-basics,SEO,/glossary/what-is-seo/,P2,36
glossary,what-is-clv,digital-marketing-metrics,content/glossary/what-is-clv.md,existing_phrase,glossary,ppc-basics,PPC,/glossary/what-is-ppc/,P2,709
glossary,what-is-clv,digital-marketing-metrics,content/glossary/what-is-clv.md,existing_phrase,glossary,digital-marketing-metrics,ARR,/glossary/what-is-arr/,P0,386
glossary,what-is-content-marketing,saas-marketing,content/glossary/what-is-content-marketing.md,existing_phrase,glossary,digital-marketing-metrics,ICP,/glossary/what-is-icp/,P2,918
glossary,what-is-content-marketing,saas-marketing,content/glossary/what-is-content-marketing.md,existing_phrase,glossary,seo-basics,SEO,/glossary/what-is-seo/,P2,358
glossary,what-is-conversion-rate,digital-marketing-metrics,content/glossary/what-is-conversion-rate.md,existing_phrase,glossary,digital-marketing-metrics,ICP,/glossary/what-is-icp/,P0,1287
glossary,what-is-cost-per-click,digital-marketing-metrics,content/glossary/what-is-cost-per-click.md,existing_phrase,glossary,digital-marketing-metrics,CPA,/glossary/what-is-cpa/,P0,1677
glossary,what-is-cost-per-click,digital-marketing-metrics,content/glossary/what-is-cost-per-click.md,existing_phrase,glossary,seo-basics,SEO,/glossary/what-is-seo/,P2,1156
glossary,what-is-cost-per-click,digital-marketing-metrics,content/glossary/what-is-cost-per-click.md,existing_phrase,glossary,ppc-basics,PPC,/glossary/what-is-ppc/,P2,730
glossary,what-is-cost-per-click,digital-marketing-metrics,content/glossary/what-is-cost-per-click.md,existing_phrase,glossary,saas-ppc,Google Ads,/glossary/what-is-google-ads/,P2,119
glossary,what-is-cpa,digital-marketing-metrics,content/glossary/what-is-cpa.md,existing_phrase,glossary,saas-ppc,Google Ads,/glossary/what-is-google-ads/,P2,344
glossary,what-is-cpm,digital-marketing-metrics,content/glossary/what-is-cpm.md,existing_phrase,glossary,b2b-lead-gen,ABM,/glossary/what-is-abm/,P2,1221
glossary,what-is-cpm,digital-marketing-metrics,content/glossary/what-is-cpm.md,existing_phrase,glossary,digital-marketing-metrics,ICP,/glossary/what-is-icp/,P0,995
glossary,what-is-cpm,digital-marketing-metrics,content/glossary/what-is-cpm.md,existing_phrase,glossary,digital-marketing-metrics,CPC,/glossary/what-is-cost-per-click/,P0,777
glossary,what-is-cpm,digital-marketing-metrics,content/glossary/what-is-cpm.md,existing_phrase,glossary,digital-marketing-metrics,CPA,/glossary/what-is-cpa/,P0,629
glossary,what-is-crawling,seo-basics,content/glossary/what-is-crawling.md,existing_phrase,glossary,seo-basics,backlinks,/glossary/what-is-a-backlink/,P0,1751
glossary,what-is-crawling,seo-basics,content/glossary/what-is-crawling.md,existing_phrase,glossary,seo-basics,SEO,/glossary/what-is-seo/,P0,372
glossary,what-is-crawling,seo-basics,content/glossary/what-is-crawling.md,existing_phrase,glossary,seo-basics,technical SEO,/glossary/what-is-technical-seo/,P0,84
glossary,what-is-ctr,digital-marketing-metrics,content/glossary/what-is-ctr.md,existing_phrase,glossary,ppc-basics,PPC,/glossary/what-is-ppc/,P2,1552
glossary,what-is-ctr,digital-marketing-metrics,content/glossary/what-is-ctr.md,existing_phrase,glossary,seo-basics,SEO,/glossary/what-is-seo/,P2,1494
glossary,what-is-ctr,digital-marketing-metrics,content/glossary/what-is-ctr.md,existing_phrase,glossary,digital-marketing-metrics,CPC,/glossary/what-is-cost-per-click/,P0,1443
glossary,what-is-ctr,digital-marketing-metrics,content/glossary/what-is-ctr.md,existing_phrase,glossary,digital-marketing-metrics,ICP,/glossary/what-is-icp/,P0,377
glossary,what-is-ctr,digital-marketing-metrics,content/glossary/what-is-ctr.md,existing_phrase,glossary,saas-ppc,Google Ads,/glossary/what-is-google-ads/,P2,73
glossary,what-is-domain-authority,seo-basics,content/glossary/what-is-domain-authority.md,existing_phrase,glossary,digital-marketing-metrics,ICP,/glossary/what-is-icp/,P2,1195
glossary,what-is-domain-authority,seo-basics,content/glossary/what-is-domain-authority.md,existing_phrase,glossary,seo-basics,backlinks,/glossary/what-is-a-backlink/,P0,1170
glossary,what-is-domain-authority,seo-basics,content/glossary/what-is-domain-authority.md,existing_phrase,glossary,seo-basics,SEO,/glossary/what-is-seo/,P0,44
glossary,what-is-evergreen-content,seo-basics,content/glossary/what-is-evergreen-content.md,existing_phrase,glossary,seo-basics,SERP,/glossary/what-is-serp/,P0,1096
glossary,what-is-evergreen-content,seo-basics,content/glossary/what-is-evergreen-content.md,existing_phrase,glossary,digital-marketing-metrics,ICP,/glossary/what-is-icp/,P2,791
glossary,what-is-evergreen-content,seo-basics,content/glossary/what-is-evergreen-content.md,existing_phrase,glossary,b2b-lead-gen,lead generation,/glossary/what-is-lead-generation/,P2,526
glossary,what-is-evergreen-content,seo-basics,content/glossary/what-is-evergreen-content.md,existing_phrase,glossary,seo-basics,backlinks,/glossary/what-is-a-backlink/,P0,280
glossary,what-is-evergreen-content,seo-basics,content/glossary/what-is-evergreen-content.md,existing_phrase,glossary,seo-basics,SEO,/glossary/what-is-seo/,P0,68
glossary,what-is-fid,digital-marketing-metrics,content/glossary/what-is-fid.md,existing_phrase,glossary,digital-marketing-metrics,ICP,/glossary/what-is-icp/,P0,904
glossary,what-is-fid,digital-marketing-metrics,content/glossary/what-is-fid.md,existing_phrase,glossary,seo-basics,SERP,/glossary/what-is-serp/,P2,546
glossary,what-is-fid,digital-marketing-metrics,content/glossary/what-is-fid.md,existing_phrase,glossary,seo-basics,SEO,/glossary/what-is-seo/,P2,31
glossary,what-is-go-to-market-strategy,saas-marketing,content/glossary/what-is-go-to-market-strategy.md,existing_phrase,glossary,seo-basics,SEO,/glossary/what-is-seo/,P2,2169
glossary,what-is-go-to-market-strategy,saas-marketing,content/glossary/what-is-go-to-market-strategy.md,existing_phrase,glossary,digital-marketing-metrics,ARR,/glossary/what-is-arr/,P2,402
glossary,what-is-go-to-market-strategy,saas-marketing,content/glossary/what-is-go-to-market-strategy.md,existing_phrase,glossary,digital-marketing-metrics,ICP,/glossary/what-is-icp/,P2,92
glossary,what-is-google-ads,saas-ppc,content/glossary/what-is-google-ads.md,existing_phrase,glossary,seo-basics,SEO,/glossary/what-is-seo/,P2,1808
glossary,what-is-google-ads,saas-ppc,content/glossary/what-is-google-ads.md,existing_phrase,glossary,digital-marketing-metrics,ICP,/glossary/what-is-icp/,P2,1426
glossary,what-is-google-ads,saas-ppc,content/glossary/what-is-google-ads.md,existing_phrase,glossary,ppc-basics,PPC,/glossary/what-is-ppc/,P2,8
glossary,what-is-google-search-console,seo-basics,content/glossary/what-is-google-search-console.md,existing_phrase,glossary,saas-marketing,keyword research,/glossary/what-is-keyword-research/,P2,2026
glossary,what-is-google-search-console,seo-basics,content/glossary/what-is-google-search-console.md,existing_phrase,glossary,seo-basics,technical SEO,/glossary/what-is-technical-seo/,P0,977
glossary,what-is-google-search-console,seo-basics,content/glossary/what-is-google-search-console.md,existing_phrase,glossary,seo-basics,backlinks,/glossary/what-is-a-backlink/,P0,608
glossary,what-is-google-search-console,seo-basics,content/glossary/what-is-google-search-console.md,existing_phrase,glossary,seo-basics,SEO,/glossary/what-is-seo/,P0,103
glossary,what-is-google-tag-manager,marketing-analytics,content/glossary/what-is-google-tag-manager.md,existing_phrase,glossary,saas-ppc,Google Ads,/glossary/what-is-google-ads/,P2,1356
glossary,what-is-gpt,ai-seo,content/glossary/what-is-gpt.md,existing_phrase,glossary,ai-seo,prompt engineering,/glossary/what-is-prompt-engineering/,P0,1213
glossary,what-is-gpt,ai-seo,content/glossary/what-is-gpt.md,existing_phrase,glossary,ai-seo,LLM,/glossary/what-is-an-llm/,P0,181
glossary,what-is-icp,digital-marketing-metrics,content/glossary/what-is-icp.md,existing_phrase,glossary,digital-marketing-metrics,ARR,/glossary/what-is-arr/,P0,373
glossary,what-is-image-alt-text,seo-basics,content/glossary/what-is-image-alt-text.md,existing_phrase,glossary,seo-basics,SEO,/glossary/what-is-seo/,P0,26
glossary,what-is-inbound-marketing,saas-marketing,content/glossary/what-is-inbound-marketing.md,existing_phrase,glossary,digital-marketing-metrics,ICP,/glossary/what-is-icp/,P2,1746
glossary,what-is-inbound-marketing,saas-marketing,content/glossary/what-is-inbound-marketing.md,existing_phrase,glossary,saas-ppc,Google Ads,/glossary/what-is-google-ads/,P2,1673
glossary,what-is-inbound-marketing,saas-marketing,content/glossary/what-is-inbound-marketing.md,existing_phrase,glossary,seo-basics,backlinks,/glossary/what-is-a-backlink/,P2,1489
glossary,what-is-inbound-marketing,saas-marketing,content/glossary/what-is-inbound-marketing.md,existing_phrase,glossary,seo-basics,domain authority,/glossary/what-is-domain-authority/,P2,568
glossary,what-is-inbound-marketing,saas-marketing,content/glossary/what-is-inbound-marketing.md,existing_phrase,glossary,saas-marketing,Content marketing,/glossary/what-is-content-marketing/,P0,273
glossary,what-is-inbound-marketing,saas-marketing,content/glossary/what-is-inbound-marketing.md,existing_phrase,glossary,seo-basics,SEO,/glossary/what-is-seo/,P2,49
glossary,what-is-indexing,seo-basics,content/glossary/what-is-indexing.md,existing_phrase,glossary,seo-basics,backlinks,/glossary/what-is-a-backlink/,P0,893
glossary,what-is-indexing,seo-basics,content/glossary/what-is-indexing.md,existing_phrase,glossary,seo-basics,canonical tag,/glossary/what-is-a-canonical-tag/,P0,556
glossary,what-is-indexing,seo-basics,content/glossary/what-is-indexing.md,existing_phrase,glossary,seo-basics,SEO,/glossary/what-is-seo/,P0,139
glossary,what-is-keyword-research,saas-marketing,content/glossary/what-is-keyword-research.md,existing_phrase,glossary,digital-marketing-metrics,ICP,/glossary/what-is-icp/,P2,1954
glossary,what-is-keyword-research,saas-marketing,content/glossary/what-is-keyword-research.md,existing_phrase,glossary,seo-basics,SERP,/glossary/what-is-serp/,P2,1226
glossary,what-is-keyword-research,saas-marketing,content/glossary/what-is-keyword-research.md,existing_phrase,glossary,seo-basics,domain authority,/glossary/what-is-domain-authority/,P2,652
glossary,what-is-lead-generation,b2b-lead-gen,content/glossary/what-is-lead-generation.md,existing_phrase,glossary,saas-ppc,Google Ads,/glossary/what-is-google-ads/,P2,1309
glossary,what-is-lead-generation,b2b-lead-gen,content/glossary/what-is-lead-generation.md,existing_phrase,glossary,digital-marketing-metrics,ICP,/glossary/what-is-icp/,P2,920
glossary,what-is-lead-generation,b2b-lead-gen,content/glossary/what-is-lead-generation.md,existing_phrase,glossary,saas-marketing,Content marketing,/glossary/what-is-content-marketing/,P2,464
glossary,what-is-lead-generation,b2b-lead-gen,content/glossary/what-is-lead-generation.md,existing_phrase,glossary,seo-basics,SEO,/glossary/what-is-seo/,P2,255
glossary,what-is-meta-ads,ppc-basics,content/glossary/what-is-meta-ads.md,existing_phrase,glossary,digital-marketing-metrics,CPC,/glossary/what-is-cost-per-click/,P2,2316
glossary,what-is-meta-ads,ppc-basics,content/glossary/what-is-meta-ads.md,existing_phrase,glossary,b2b-lead-gen,Lead generation,/glossary/what-is-lead-generation/,P2,1913
glossary,what-is-meta-ads,ppc-basics,content/glossary/what-is-meta-ads.md,existing_phrase,glossary,digital-marketing-metrics,ICP,/glossary/what-is-icp/,P2,1552
glossary,what-is-meta-ads,ppc-basics,content/glossary/what-is-meta-ads.md,existing_phrase,glossary,saas-ppc,Google Ads,/glossary/what-is-google-ads/,P2,73
glossary,what-is-nrr,digital-marketing-metrics,content/glossary/what-is-nrr.md,existing_phrase,listicle,saas-seo,top SaaS SEO agencies,/list/best-saas-seo-agencies-for-startups/,P1,1973
glossary,what-is-nrr,digital-marketing-metrics,content/glossary/what-is-nrr.md,existing_phrase,glossary,seo-basics,SEO,/glossary/what-is-seo/,P2,1966
glossary,what-is-nrr,digital-marketing-metrics,content/glossary/what-is-nrr.md,existing_phrase,glossary,digital-marketing-metrics,ICP,/glossary/what-is-icp/,P0,1166
glossary,what-is-nrr,digital-marketing-metrics,content/glossary/what-is-nrr.md,existing_phrase,glossary,digital-marketing-metrics,ARR,/glossary/what-is-arr/,P0,517
glossary,what-is-off-page-seo,seo-basics,content/glossary/what-is-off-page-seo.md,existing_phrase,glossary,seo-basics,domain authority,/glossary/what-is-domain-authority/,P0,1548
glossary,what-is-off-page-seo,seo-basics,content/glossary/what-is-off-page-seo.md,existing_phrase,glossary,seo-basics,on-page SEO,/glossary/what-is-on-page-seo/,P0,415
glossary,what-is-off-page-seo,seo-basics,content/glossary/what-is-off-page-seo.md,existing_phrase,glossary,seo-basics,SEO,/glossary/what-is-seo/,P0,157
glossary,what-is-off-page-seo,seo-basics,content/glossary/what-is-off-page-seo.md,existing_phrase,glossary,seo-basics,technical SEO,/glossary/what-is-technical-seo/,P0,75
glossary,what-is-off-page-seo,seo-basics,content/glossary/what-is-off-page-seo.md,existing_phrase,glossary,seo-basics,backlinks,/glossary/what-is-a-backlink/,P0,16
glossary,what-is-on-page-seo,seo-basics,content/glossary/what-is-on-page-seo.md,existing_phrase,glossary,seo-basics,backlinks,/glossary/what-is-a-backlink/,P0,1777
glossary,what-is-on-page-seo,seo-basics,content/glossary/what-is-on-page-seo.md,existing_phrase,glossary,seo-basics,Meta description,/glossary/what-is-a-meta-description/,P0,1001
glossary,what-is-on-page-seo,seo-basics,content/glossary/what-is-on-page-seo.md,existing_phrase,glossary,seo-basics,SERP,/glossary/what-is-serp/,P0,806
glossary,what-is-on-page-seo,seo-basics,content/glossary/what-is-on-page-seo.md,existing_phrase,glossary,seo-basics,anchor text,/glossary/what-is-anchor-text/,P0,592
glossary,what-is-on-page-seo,seo-basics,content/glossary/what-is-on-page-seo.md,existing_phrase,glossary,digital-marketing-metrics,CTR,/glossary/what-is-ctr/,P2,96
glossary,what-is-on-page-seo,seo-basics,content/glossary/what-is-on-page-seo.md,existing_phrase,glossary,seo-basics,SEO,/glossary/what-is-seo/,P0,2
glossary,what-is-performance-marketing,saas-ppc,content/glossary/what-is-performance-marketing.md,existing_phrase,glossary,saas-marketing,Content marketing,/glossary/what-is-content-marketing/,P2,1993
glossary,what-is-performance-marketing,saas-ppc,content/glossary/what-is-performance-marketing.md,existing_phrase,glossary,digital-marketing-metrics,CPA,/glossary/what-is-cpa/,P2,1930
glossary,what-is-performance-marketing,saas-ppc,content/glossary/what-is-performance-marketing.md,existing_phrase,glossary,digital-marketing-metrics,ICP,/glossary/what-is-icp/,P2,1000
glossary,what-is-performance-marketing,saas-ppc,content/glossary/what-is-performance-marketing.md,existing_phrase,glossary,digital-marketing-metrics,ROAS,/glossary/what-is-roas/,P2,287
glossary,what-is-performance-marketing,saas-ppc,content/glossary/what-is-performance-marketing.md,existing_phrase,glossary,saas-ppc,Google Ads,/glossary/what-is-google-ads/,P0,223
glossary,what-is-ppc,ppc-basics,content/glossary/what-is-ppc.md,existing_phrase,glossary,saas-marketing,keyword research,/glossary/what-is-keyword-research/,P2,1670
glossary,what-is-ppc,ppc-basics,content/glossary/what-is-ppc.md,existing_phrase,glossary,digital-marketing-metrics,CPC,/glossary/what-is-cost-per-click/,P2,1029
glossary,what-is-ppc,ppc-basics,content/glossary/what-is-ppc.md,existing_phrase,glossary,b2b-lead-gen,ABM,/glossary/what-is-abm/,P2,969
glossary,what-is-ppc,ppc-basics,content/glossary/what-is-ppc.md,existing_phrase,glossary,seo-basics,SEO,/glossary/what-is-seo/,P2,538
glossary,what-is-ppc,ppc-basics,content/glossary/what-is-ppc.md,existing_phrase,blog,saas-ppc,SaaS PPC,/blogs/saas-ppc/,P1,115
glossary,what-is-ppc,ppc-basics,content/glossary/what-is-ppc.md,existing_phrase,glossary,saas-ppc,Google Ads,/glossary/what-is-google-ads/,P2,23
glossary,what-is-programmatic-advertising,ppc-basics,content/glossary/what-is-programmatic-advertising.md,existing_phrase,glossary,b2b-lead-gen,ABM,/glossary/what-is-abm/,P2,1709
glossary,what-is-programmatic-advertising,ppc-basics,content/glossary/what-is-programmatic-advertising.md,existing_phrase,glossary,digital-marketing-metrics,ICP,/glossary/what-is-icp/,P2,1464
glossary,what-is-rag,ai-seo,content/glossary/what-is-rag.md,existing_phrase,glossary,ai-seo,LLM,/glossary/what-is-an-llm/,P0,445
glossary,what-is-roas,digital-marketing-metrics,content/glossary/what-is-roas.md,existing_phrase,glossary,saas-marketing,content marketing,/glossary/what-is-content-marketing/,P2,1724
glossary,what-is-roas,digital-marketing-metrics,content/glossary/what-is-roas.md,existing_phrase,glossary,digital-marketing-metrics,CTR,/glossary/what-is-ctr/,P0,767
glossary,what-is-roas,digital-marketing-metrics,content/glossary/what-is-roas.md,existing_phrase,glossary,digital-marketing-metrics,CPA,/glossary/what-is-cpa/,P0,689
glossary,what-is-roas,digital-marketing-metrics,content/glossary/what-is-roas.md,existing_phrase,glossary,saas-ppc,Google Ads,/glossary/what-is-google-ads/,P2,129
glossary,what-is-robots-txt,seo-basics,content/glossary/what-is-robots-txt.md,existing_phrase,glossary,seo-basics,technical SEO,/glossary/what-is-technical-seo/,P0,1882
glossary,what-is-robots-txt,seo-basics,content/glossary/what-is-robots-txt.md,existing_phrase,glossary,digital-marketing-metrics,CTR,/glossary/what-is-ctr/,P2,923
glossary,what-is-robots-txt,seo-basics,content/glossary/what-is-robots-txt.md,existing_phrase,glossary,seo-basics,SEO,/glossary/what-is-seo/,P0,55
glossary,what-is-runway,digital-marketing-metrics,content/glossary/what-is-runway.md,existing_phrase,glossary,digital-marketing-metrics,ARR,/glossary/what-is-arr/,P0,665
glossary,what-is-sal-in-saas,digital-marketing-metrics,content/glossary/what-is-sal-in-saas.md,existing_phrase,glossary,digital-marketing-metrics,ICP,/glossary/what-is-icp/,P0,416
glossary,what-is-schema-markup,seo-basics,content/glossary/what-is-schema-markup.md,existing_phrase,glossary,seo-basics,technical SEO,/glossary/what-is-technical-seo/,P0,2254
glossary,what-is-schema-markup,seo-basics,content/glossary/what-is-schema-markup.md,existing_phrase,glossary,digital-marketing-metrics,CTR,/glossary/what-is-ctr/,P2,710
glossary,what-is-schema-markup,seo-basics,content/glossary/what-is-schema-markup.md,existing_phrase,glossary,seo-basics,SEO,/glossary/what-is-seo/,P0,410
glossary,what-is-schema-markup,seo-basics,content/glossary/what-is-schema-markup.md,existing_phrase,glossary,seo-basics,SERP,/glossary/what-is-serp/,P0,235
glossary,what-is-sem,digital-marketing-metrics,content/glossary/what-is-sem.md,existing_phrase,glossary,b2b-lead-gen,ABM,/glossary/what-is-abm/,P2,1287
glossary,what-is-sem,digital-marketing-metrics,content/glossary/what-is-sem.md,existing_phrase,glossary,digital-marketing-metrics,CPC,/glossary/what-is-cost-per-click/,P0,948
glossary,what-is-sem,digital-marketing-metrics,content/glossary/what-is-sem.md,existing_phrase,glossary,saas-marketing,keyword research,/glossary/what-is-keyword-research/,P2,885
glossary,what-is-sem,digital-marketing-metrics,content/glossary/what-is-sem.md,existing_phrase,glossary,seo-basics,SEO,/glossary/what-is-seo/,P2,451
glossary,what-is-sem,digital-marketing-metrics,content/glossary/what-is-sem.md,existing_phrase,glossary,saas-ppc,Google Ads,/glossary/what-is-google-ads/,P2,138
glossary,what-is-seo,seo-basics,content/glossary/what-is-seo.md,existing_phrase,glossary,saas-ppc,Google Ads,/glossary/what-is-google-ads/,P2,1859
glossary,what-is-seo,seo-basics,content/glossary/what-is-seo.md,existing_phrase,glossary,seo-basics,On-page SEO,/glossary/what-is-on-page-seo/,P0,855
glossary,what-is-seo,seo-basics,content/glossary/what-is-seo.md,existing_phrase,glossary,b2b-lead-gen,lead generation,/glossary/what-is-lead-generation/,P2,571
glossary,what-is-seo,seo-basics,content/glossary/what-is-seo.md,existing_phrase,glossary,ppc-basics,PPC,/glossary/what-is-ppc/,P2,538
glossary,what-is-seo,seo-basics,content/glossary/what-is-seo.md,existing_phrase,glossary,seo-basics,Technical SEO,/glossary/what-is-technical-seo/,P0,254
glossary,what-is-serp,seo-basics,content/glossary/what-is-serp.md,existing_phrase,glossary,ppc-basics,PPC,/glossary/what-is-ppc/,P2,116
glossary,what-is-serp,seo-basics,content/glossary/what-is-serp.md,existing_phrase,glossary,seo-basics,SEO,/glossary/what-is-seo/,P0,35
glossary,what-is-ssl-certificate,seo-basics,content/glossary/what-is-ssl-certificate.md,existing_phrase,glossary,seo-basics,on-page SEO,/glossary/what-is-on-page-seo/,P0,348
glossary,what-is-ssl-certificate,seo-basics,content/glossary/what-is-ssl-certificate.md,existing_phrase,glossary,seo-basics,SEO,/glossary/what-is-seo/,P0,99
glossary,what-is-structured-data,seo-basics,content/glossary/what-is-structured-data.md,existing_phrase,glossary,seo-basics,SEO,/glossary/what-is-seo/,P0,1235
glossary,what-is-structured-data,seo-basics,content/glossary/what-is-structured-data.md,existing_phrase,glossary,seo-basics,SERP,/glossary/what-is-serp/,P0,872
glossary,what-is-structured-data,seo-basics,content/glossary/what-is-structured-data.md,existing_phrase,glossary,seo-basics,technical SEO,/glossary/what-is-technical-seo/,P0,211
glossary,what-is-tam-sam-som,digital-marketing-metrics,content/glossary/what-is-tam-sam-som.md,existing_phrase,glossary,digital-marketing-metrics,ARR,/glossary/what-is-arr/,P0,1043
glossary,what-is-tam-sam-som,digital-marketing-metrics,content/glossary/what-is-tam-sam-som.md,existing_phrase,glossary,digital-marketing-metrics,ICP,/glossary/what-is-icp/,P0,753
glossary,what-is-technical-seo,seo-basics,content/glossary/what-is-technical-seo.md,existing_phrase,glossary,seo-basics,backlinks,/glossary/what-is-a-backlink/,P0,514
glossary,what-is-technical-seo,seo-basics,content/glossary/what-is-technical-seo.md,existing_phrase,glossary,seo-basics,SEO,/glossary/what-is-seo/,P0,1
glossary,what-is-thought-leadership,seo-basics,content/glossary/what-is-thought-leadership.md,existing_phrase,glossary,saas-marketing,content marketing,/glossary/what-is-content-marketing/,P2,47
glossary,what-is-user-generated-content,seo-basics,content/glossary/what-is-user-generated-content.md,existing_phrase,glossary,seo-basics,SEO,/glossary/what-is-seo/,P0,650
