clusters,title,content_type,slug,url
ai-seo,60+ AI SEO Statistics (Updated June 2026),Blog,ai-seo-statistics,/blogs/ai-seo-statistics/
ai-seo,How to Rank on ChatGPT in 2026: Strategies and Tips,Blog,how-to-rank-on-chatgpt-in-2026-strategies-and-tips,/blogs/how-to-rank-on-chatgpt-in-2026-strategies-and-tips/
ai-seo,12 Best Answer Engine Optimization (AEO) Agencies in the USA 2026,Listicle,best-aeo-agency,/list/best-aeo-agency/
ai-seo,12 Best GEO Agencies for 2026 (Honest Review),Listicle,best-geo-agencies,/list/best-geo-agencies/
ai-seo,8 Best SaaS GEO Agencies for 2026 (Honest Review),Listicle,best-saas-geo-agencies,/list/best-saas-geo-agencies/
ai-seo,"What Is AI Hallucination? Meaning, Dangers & How to Spot It",Glossary,what-is-ai-hallucination,/glossary/what-is-ai-hallucination/
ai-seo,What Is an LLM? Large Language Model Explained for SaaS,Glossary,what-is-an-llm,/glossary/what-is-an-llm/
ai-seo,What is GPT? A Clear Guide to Generative AI and Business Impact,Glossary,what-is-gpt,/glossary/what-is-gpt/
ai-seo,"What Is Prompt Engineering? Definition, Examples, and Uses",Glossary,what-is-prompt-engineering,/glossary/what-is-prompt-engineering/
ai-seo,What Is RAG? Retrieval-Augmented Generation Explained Simply,Glossary,what-is-rag,/glossary/what-is-rag/
b2b-content-marketing,The Ultimate Guide to B2B Content Marketing,Blog,b2b-content-marketing-guide,/blogs/b2b-content-marketing-guide/
b2b-content-marketing,My Picks for The 9 Best B2B Content Marketing Agencies in 2026,Listicle,best-b2b-content-marketing-agencies,/list/best-b2b-content-marketing-agencies/
b2b-demand-gen,The Ultimate Guide to B2B Demand Generation,Blog,b2b-demand-generation-guide,/blogs/b2b-demand-generation-guide/
b2b-demand-gen,The 11 Best B2B Demand Generation Agencies in 2026,Listicle,best-b2b-demand-generation-agencies,/list/best-b2b-demand-generation-agencies/
b2b-lead-gen,B2B Lead Generation: A Complete Guide for 2025,Blog,b2b-lead-generation,/blogs/b2b-lead-generation/
b2b-lead-gen,Ranking The Top 8 B2B Lead Generation Agencies in 2026,Listicle,best-b2b-lead-generation-companies,/list/best-b2b-lead-generation-companies/
b2b-lead-gen,What Is ABM? The B2B Marketer’s Real Guide,Glossary,what-is-abm,/glossary/what-is-abm/
b2b-lead-gen,What Is Lead Generation? SaaS Guide for Real Growth,Glossary,what-is-lead-generation,/glossary/what-is-lead-generation/
b2b-linkedin,B2B LinkedIn Marketing: The Complete Strategy Guide,Blog,b2b-linkedin-marketing-guide,/blogs/b2b-linkedin-marketing-guide/
b2b-marketing,B2B Inbound Marketing – The Ultimate Guide,Blog,b2b-inbound-marketing-guide,/blogs/b2b-inbound-marketing-guide/
b2b-marketing,B2B Marketing Operations: The Complete 2026 B2B Guide,Blog,b2b-marketing-operations-guide,/blogs/b2b-marketing-operations-guide/
b2b-marketing,B2B Marketing: A Complete Guide for 2025,Blog,b2b-marketing,/blogs/b2b-marketing/
b2b-marketing,We Ranked The Top 11 B2B Marketing Agencies for 2026,Listicle,best-b2b-marketing-agencies,/list/best-b2b-marketing-agencies/
b2b-ppc,B2B PPC: A Complete Guide for 2025,Blog,b2b-ppc,/blogs/b2b-ppc/
b2b-ppc,How to Run B2B PPC Campaigns That Convert?,Blog,b2b-ppc-guide,/blogs/b2b-ppc-guide/
b2b-ppc,9 Best Performance Marketing Agencies in 2026 (Honest Review),Listicle,top-performance-marketing-agencies,/list/top-performance-marketing-agencies/
b2b-ppc,Best Affordable B2B PPC Agencies,Listicle,best-affordable-b2b-ppc-agencies,/list/best-affordable-b2b-ppc-agencies/
b2b-ppc,My Picks For The 11 Best B2B Google Ads Agencies in 2026,Listicle,best-b2b-google-ads-agencies,/list/best-b2b-google-ads-agencies/
b2b-ppc,The Best B2B Advertising Agencies (2026 Rankings),Listicle,best-b2b-advertising-agencies,/list/best-b2b-advertising-agencies/
b2b-ppc,The Top 10 B2B PPC Agencies You Need to Consider in 2026,Listicle,top-b2b-ppc-agencies,/list/top-b2b-ppc-agencies/
b2b-seo,My Picks for the Top 11 B2B SEO Agencies to Improve Pipeline,Listicle,best-b2b-seo-agencies,/list/best-b2b-seo-agencies/
brand-marketing,What Is Brand Identity? The SaaS Builder’s Guide,Glossary,what-is-brand-identity,/glossary/what-is-brand-identity/
brand-marketing,What Is Brand Positioning,Glossary,what-is-brand-positioning,/glossary/what-is-brand-positioning/
brand-marketing,What Is Employer Branding? The Hiring Team’s Guide,Glossary,what-is-employer-branding,/glossary/what-is-employer-branding/
digital-marketing-metrics,"What Is ARR? Meaning, SaaS Metrics, and Real Risks",Glossary,what-is-arr,/glossary/what-is-arr/
digital-marketing-metrics,"What Is CLS? Core Web Vitals, SEO Impact, and Fixes",Glossary,what-is-cls,/glossary/what-is-cls/
digital-marketing-metrics,What Is CLV,Glossary,what-is-clv,/glossary/what-is-clv/
digital-marketing-metrics,What Is Conversion Rate,Glossary,what-is-conversion-rate,/glossary/what-is-conversion-rate/
digital-marketing-metrics,What Is Cost Per Click? How to Use CPC for SaaS Growth,Glossary,what-is-cost-per-click,/glossary/what-is-cost-per-click/
digital-marketing-metrics,What Is CPA? Cost Per Acquisition in SaaS Explained,Glossary,what-is-cpa,/glossary/what-is-cpa/
digital-marketing-metrics,What Is CPM? SaaS Guide to Cost-Per-Mille in 2026,Glossary,what-is-cpm,/glossary/what-is-cpm/
digital-marketing-metrics,What Is CTR? Click-Through Rate Explained for SaaS Growth,Glossary,what-is-ctr,/glossary/what-is-ctr/
digital-marketing-metrics,"What Is FID? Field Data, SEO Impact & Why Most Teams Get It Wrong",Glossary,what-is-fid,/glossary/what-is-fid/
digital-marketing-metrics,What Is ICP? SaaS Ideal Customer Profile Explained,Glossary,what-is-icp,/glossary/what-is-icp/
digital-marketing-metrics,What Is Nrr,Glossary,what-is-nrr,/glossary/what-is-nrr/
digital-marketing-metrics,What Is ROAS? SaaS Guide to Real Return on Ad Spend,Glossary,what-is-roas,/glossary/what-is-roas/
digital-marketing-metrics,What Is Runway? The SaaS Founder’s Survival Guide,Glossary,what-is-runway,/glossary/what-is-runway/
digital-marketing-metrics,What Is SAL in SaaS? The Lead Stage Most Teams Get Wrong,Glossary,what-is-sal-in-saas,/glossary/what-is-sal-in-saas/
digital-marketing-metrics,What Is SEM? Paid Search vs Organic for SaaS Growth,Glossary,what-is-sem,/glossary/what-is-sem/
digital-marketing-metrics,What Is TAM SAM SOM? Stop Guessing Your Market Size,Glossary,what-is-tam-sam-som,/glossary/what-is-tam-sam-som/
digital-marketing-metrics,What Is Upsell? The SaaS Growth Playbook,Glossary,what-is-upsell,/glossary/what-is-upsell/
enterprise-seo,Enterprise SEO Strategies: Complete 7-step Framework for 2026,Blog,enterprise-seo-strategy-and-framework,/blogs/enterprise-seo-strategy-and-framework/
enterprise-seo,"Enterprise SEO: The Blueprint for Simple, Scalable SEO",Blog,enterprise-seo-guide,/blogs/enterprise-seo-guide/
enterprise-seo,The 7 Most Common Enterprise SEO Challenges (And Fixes),Blog,enterprise-seo-challenges-and-fixes,/blogs/enterprise-seo-challenges-and-fixes/
enterprise-seo,What Is Enterprise SaaS SEO? Four Pillars Explained,Blog,enterprise-saas-seo-guide,/blogs/enterprise-saas-seo-guide/
enterprise-seo,My Picks for the Top 10 Enterprise SEO Agencies in 2026,Listicle,best-enterprise-seo-agencies,/list/best-enterprise-seo-agencies/
fintech-marketing,Fintech SEO: Everything You Need to Know,Blog,fintech-seo-guide,/blogs/fintech-seo-guide/
fintech-marketing,9 Best Fintech SEO Agencies in 2026 (Honest Review),Listicle,top-fintech-seo-agencies,/list/top-fintech-seo-agencies/
fintech-marketing,Best Fintech Marketing Agencies in 2026,Listicle,top-fintech-marketing-agencies,/list/top-fintech-marketing-agencies/
marketing-analytics,What Is GA4? Everything SaaS Teams Need to Know,Glossary,what-is-ga4,/glossary/what-is-ga4/
marketing-analytics,What Is Google Tag Manager,Glossary,what-is-google-tag-manager,/glossary/what-is-google-tag-manager/
marketing-analytics,What Is Third-Party Cookies? The Marketer’s Guide to a Fading Technology,Glossary,what-is-third-party-cookies,/glossary/what-is-third-party-cookies/
ppc-basics,What Is Meta Ads,Glossary,what-is-meta-ads,/glossary/what-is-meta-ads/
ppc-basics,What Is PPC? Paid Search Explained for SaaS & B2B Teams,Glossary,what-is-ppc,/glossary/what-is-ppc/
ppc-basics,What Is Programmatic Advertising,Glossary,what-is-programmatic-advertising,/glossary/what-is-programmatic-advertising/
ppc-basics,What Is SSP,Glossary,what-is-ssp,/glossary/what-is-ssp/
saas-content-marketing,"SaaS Content Marketing: A Complete, No-Fluff Guide",Blog,saas-content-marketing-guide,/blogs/saas-content-marketing-guide/
saas-content-marketing,10 Best SaaS Content Marketing Agencies for 2026 (Honest Review),Listicle,best-saas-content-marketing-agencies,/list/best-saas-content-marketing-agencies/
saas-linkedin,LinkedIn Account-Based Marketing: How to Run Campaigns in 2026,Blog,linkedin-account-based-marketing,/blogs/linkedin-account-based-marketing/
saas-linkedin,The 11 Common SaaS LinkedIn Ads Mistakes to Avoid in 2026,Blog,saas-linkedin-ads-mistakes-to-avoid,/blogs/saas-linkedin-ads-mistakes-to-avoid/
saas-linkedin,10 LinkedIn Marketing Agencies Ranked in 2026,Listicle,best-linkedin-marketing-agencies,/list/best-linkedin-marketing-agencies/
saas-marketing,10 Best DevTools Marketing Agencies in 2026,Listicle,best-devtools-marketing-agencies,/list/best-devtools-marketing-agencies/
saas-marketing,10 Best Martech Marketing Agencies in 2026 (Honest Review),Listicle,best-martech-marketing-agencies,/list/best-martech-marketing-agencies/
saas-marketing,11 Best HR Tech Marketing Agencies in 2026,Listicle,best-hr-tech-marketing-agencies,/list/best-hr-tech-marketing-agencies/
saas-marketing,11 Best Proptech Marketing Agencies in 2026 (Honest Review),Listicle,best-proptech-marketing-agencies,/list/best-proptech-marketing-agencies/
saas-marketing,9 Best HealthTech Marketing Agencies in 2026,Listicle,best-healthtech-marketing-agencies,/list/best-healthtech-marketing-agencies/
saas-marketing,9 Best SaaS Growth Marketing Agencies (2026),Listicle,best-saas-growth-marketing-agencies,/list/best-saas-growth-marketing-agencies/
saas-marketing,9 Best SaaS Marketing Agencies in 2026,Listicle,best-saas-marketing-agencies-2026,/list/best-saas-marketing-agencies-2026/
saas-marketing,Best Cybersecurity Marketing Agencies in 2026,Listicle,best-cybersecurity-marketing-agencies,/list/best-cybersecurity-marketing-agencies/
saas-marketing,The 7 Best Edtech Marketing Agencies in 2026 (Honest Review),Listicle,best-edtech-marketing-agencies,/list/best-edtech-marketing-agencies/
saas-marketing,What Is Content Marketing? Direct Answer for SaaS Teams ,Glossary,what-is-content-marketing,/glossary/what-is-content-marketing/
saas-marketing,What Is Go To Market Strategy,Glossary,what-is-go-to-market-strategy,/glossary/what-is-go-to-market-strategy/
saas-marketing,What Is Inbound Marketing? The SaaS Growth Guide,Glossary,what-is-inbound-marketing,/glossary/what-is-inbound-marketing/
saas-marketing,What Is Keyword Research? The SaaS Marketer’s Real Guide,Glossary,what-is-keyword-research,/glossary/what-is-keyword-research/
saas-ppc,Google Ads for SaaS Guide: Based on 10+ Years of Experience,Blog,how-to-run-google-ads-for-saas,/blogs/how-to-run-google-ads-for-saas/
saas-ppc,How do I Run LinkedIn Ads for SaaS (An Expert’s Take),Blog,how-do-i-run-linkedin-ads-for-saas-an-experts-take,/blogs/how-do-i-run-linkedin-ads-for-saas-an-experts-take/
saas-ppc,How to Run LinkedIn Retargeting Ads in 2026?,Blog,how-to-run-linkedin-retargeting-ads,/blogs/how-to-run-linkedin-retargeting-ads/
saas-ppc,How to Write Google Ads Copy for SaaS in 2026?,Blog,how-to-write-google-ads-copy-for-saas-in-2026,/blogs/how-to-write-google-ads-copy-for-saas-in-2026/
saas-ppc,SaaS PPC: A Complete Guide for 2025,Blog,saas-ppc,/blogs/saas-ppc/
saas-ppc,The 8 Common SaaS Google Ads Mistakes to Avoid in 2026,Blog,the-8-common-saas-google-ads-mistakes-to-avoid-in-2026,/blogs/the-8-common-saas-google-ads-mistakes-to-avoid-in-2026/
saas-ppc,The No-Nonsense Guide to Auditing Your SaaS PPC Account,Blog,the-no-nonsense-guide-to-auditing-your-saas-ppc-account,/blogs/the-no-nonsense-guide-to-auditing-your-saas-ppc-account/
saas-ppc,The SaaS PPC Checklist for 2026: With Detailed Guidance,Blog,saas-ppc-checklist,/blogs/saas-ppc-checklist/
saas-ppc,10 Best SaaS PPC Agencies in 2026,Listicle,best-saas-ppc-agencies,/list/best-saas-ppc-agencies/
saas-ppc,What Is Google Ads? Your Practical Guide for SaaS and B2B Teams,Glossary,what-is-google-ads,/glossary/what-is-google-ads/
saas-ppc,"What Is Performance Marketing? Definition, Examples & SaaS Guide",Glossary,what-is-performance-marketing,/glossary/what-is-performance-marketing/
saas-seo,B2B SaaS SEO: The Guide to Turn Organic Traffic into Deals,Blog,b2b-saas-seo,/blogs/b2b-saas-seo/
saas-seo,How I Do Competitor Analysis for SaaS SEO in 2026,Blog,how-to-do-saas-seo-competitor-analysis,/blogs/how-to-do-saas-seo-competitor-analysis/
saas-seo,How I Do SaaS SEO Keyword Research in 2026?,Blog,how-to-do-saas-seo-keyword-research,/blogs/how-to-do-saas-seo-keyword-research/
saas-seo,How to Optimize SaaS Landing Pages for SEO?,Blog,optimize-saas-landing-pages-for-seo,/blogs/optimize-saas-landing-pages-for-seo/
saas-seo,How to Run a SaaS Content Audit That Actually Moves Rankings,Blog,how-to-do-saas-content-audit,/blogs/how-to-do-saas-content-audit/
saas-seo,How to Write SaaS Comparison Pages for SEO?,Blog,how-to-write-saas-comparison-pages-for-seo,/blogs/how-to-write-saas-comparison-pages-for-seo/
saas-seo,How to Write SaaS SEO Content with AI (That Actually Ranks),Blog,how-to-write-saas-seo-content-with-ai-that-actually-ranks,/blogs/how-to-write-saas-seo-content-with-ai-that-actually-ranks/
saas-seo,My SaaS SEO Checklist for 2026: An Experience-based Guide,Blog,saas-seo-checklist,/blogs/saas-seo-checklist/
saas-seo,SaaS Link Building: The Definitive Guide,Blog,saas-link-building,/blogs/saas-link-building/
saas-seo,SaaS SEO Strategies: Complete 8-step Framework for 2026,Blog,saas-seo-strategies-and-framework,/blogs/saas-seo-strategies-and-framework/
saas-seo,SaaS SEO: My 7-step Strategy for 2026,Blog,saas-seo,/blogs/saas-seo/
saas-seo,Top SaaS Marketing Challenges & How to Solve Them,Blog,saas-marketing-challenges-and-fixes,/blogs/saas-marketing-challenges-and-fixes/
saas-seo,12 Best SaaS SEO Agencies for Startups 2026,Listicle,best-saas-seo-agencies-for-startups,/list/best-saas-seo-agencies-for-startups/
saas-seo,I Ranked The 11 Best SaaS SEO Agencies in 2026,Listicle,best-saas-seo-agencies,/list/best-saas-seo-agencies/
saas-seo,The 9 Best SaaS Link Building Agencies in 2026,Listicle,best-saas-link-building-agencies,/list/best-saas-link-building-agencies/
saas-seo,The 9 Best Technical SEO Agencies for 2026,Listicle,best-technical-seo-agencies,/list/best-technical-seo-agencies/
seo-basics,Keyword Cluster,Glossary,what-are-keyword-clusters,/glossary/what-are-keyword-clusters/
seo-basics,"What Is a 301 Redirect? SEO, SaaS, and Real-World Risks",Glossary,what-is-a-301-redirect,/glossary/what-is-a-301-redirect/
seo-basics,What Is a Backlink? Meaning & Real-World Examples,Glossary,what-is-a-backlink,/glossary/what-is-a-backlink/
seo-basics,What Is a Canonical Tag? SaaS SEO Explained Clearly,Glossary,what-is-a-canonical-tag,/glossary/what-is-a-canonical-tag/
seo-basics,What Is a Long Tail Keyword? SEO Benefits & Examples,Glossary,what-is-a-long-tail-keyword,/glossary/what-is-a-long-tail-keyword/
seo-basics,What Is a Meta Description? Explained for SaaS & B2B SEO,Glossary,what-is-a-meta-description,/glossary/what-is-a-meta-description/
seo-basics,What Is an SEO Audit? Plain Definition & Real SaaS Impact,Glossary,what-is-an-seo-audit,/glossary/what-is-an-seo-audit/
seo-basics,What Is an SSL Certificate? Clear Definition for SaaS and B2B,Glossary,what-is-ssl-certificate,/glossary/what-is-ssl-certificate/
seo-basics,What Is Anchor Text? Anchor Text Definition & SEO Impact,Glossary,what-is-anchor-text,/glossary/what-is-anchor-text/
seo-basics,What Is Crawling? The SEO Foundation Most SaaS Teams Get Wrong,Glossary,what-is-crawling,/glossary/what-is-crawling/
seo-basics,What Is Domain Authority? Honest Guide for SaaS & B2B Teams,Glossary,what-is-domain-authority,/glossary/what-is-domain-authority/
seo-basics,"What Is Evergreen Content? Definition, Myths & Real SaaS ROI",Glossary,what-is-evergreen-content,/glossary/what-is-evergreen-content/
seo-basics,What Is Google Search Console? Plain-English Guide for SaaS Teams,Glossary,what-is-google-search-console,/glossary/what-is-google-search-console/
seo-basics,"What Is Image Alt Text? SEO, Accessibility & SaaS Best Practices",Glossary,what-is-image-alt-text,/glossary/what-is-image-alt-text/
seo-basics,"What Is Indexing? Meaning, Process & Why It Matters",Glossary,what-is-indexing,/glossary/what-is-indexing/
seo-basics,What Is Off Page SEO? Real-World Guide for SaaS Teams,Glossary,what-is-off-page-seo,/glossary/what-is-off-page-seo/
seo-basics,What Is On Page SEO? Plain-English Guide for SaaS Teams,Glossary,what-is-on-page-seo,/glossary/what-is-on-page-seo/
seo-basics,What Is Robots.txt? How Robots.txt Works for SEO & SaaS,Glossary,what-is-robots-txt,/glossary/what-is-robots-txt/
seo-basics,What Is Schema Markup? Plain English Guide for SaaS,Glossary,what-is-schema-markup,/glossary/what-is-schema-markup/
seo-basics,What Is SEO? Plain-English Guide for SaaS and B2B Teams,Glossary,what-is-seo,/glossary/what-is-seo/
seo-basics,What Is SERP? A Straightforward Guide for SaaS Teams,Glossary,what-is-serp,/glossary/what-is-serp/
seo-basics,What Is Structured Data? Clear Definition & SaaS Use Cases,Glossary,what-is-structured-data,/glossary/what-is-structured-data/
seo-basics,What Is Technical SEO? Practical Guide for SaaS Teams,Glossary,what-is-technical-seo,/glossary/what-is-technical-seo/
seo-basics,What Is Thought Leadership,Glossary,what-is-thought-leadership,/glossary/what-is-thought-leadership/
seo-basics,What Is User Generated Content,Glossary,what-is-user-generated-content,/glossary/what-is-user-generated-content/
