url,intent,funnel,primary,secondary
/blogs/b2b-content-marketing-guide/,informational,tofu,b2b content marketing,
/blogs/b2b-demand-generation-guide/,informational,tofu,b2b demand generation,
/blogs/b2b-inbound-marketing-guide/,informational,tofu,b2b inbound marketing,
/blogs/b2b-lead-generation/,informational,tofu,b2b lead generation,
/blogs/b2b-linkedin-marketing-guide/,informational,tofu,b2b linkedin marketing,
/blogs/b2b-marketing-operations-guide/,informational,tofu,b2b marketing operations,
/blogs/b2b-marketing/,informational,tofu,b2b marketing,
/blogs/b2b-ppc-guide/,informational,tofu,b2b ppc,
/blogs/b2b-ppc/,informational,tofu,b2b ppc,
/blogs/b2b-saas-seo/,informational,tofu,b2b saas seo,
/blogs/enterprise-saas-seo-guide/,informational,tofu,enterprise saas seo,
/blogs/enterprise-seo-challenges-and-fixes/,informational,mofu,enterprise seo challenges and fixes,
/blogs/enterprise-seo-guide/,informational,tofu,enterprise seo,
/blogs/enterprise-seo-strategy-and-framework/,informational,mofu,enterprise seo strategy and framework,
/blogs/fintech-seo-guide/,informational,tofu,fintech seo,
/blogs/how-do-i-run-linkedin-ads-for-saas-an-experts-take/,informational,mofu,linkedin ads for saas,
/blogs/how-to-build-topic-clusters/,informational,mofu,topic clusters,
/blogs/how-to-choose-search-volume-vs-search-intent/,informational,mofu,search volume vs search intent,
/blogs/how-to-do-keyword-gap-analysis/,informational,mofu,keyword gap analysis,
/blogs/how-to-do-saas-content-audit/,informational,mofu,saas content audit,
/blogs/how-to-do-saas-seo-competitor-analysis/,informational,mofu,saas seo competitor analysis,
/blogs/how-to-do-saas-seo-keyword-research/,informational,mofu,saas seo keyword research,
/blogs/how-to-fix-keyword-cannibalization/,informational,mofu,fix keyword cannibalization,
/blogs/how-to-map-keywords-to-saas-buyer-journey/,informational,mofu,map keywords to saas buyer journey,
/blogs/how-to-prioritize-saas-keywords-by-funnel-stage/,informational,mofu,prioritize saas keywords by funnel stage,
/blogs/how-to-rank-bofu-keywords-saas/,informational,mofu,rank saas bofu keywords,
/blogs/how-to-rank-mofu-keywords-saas/,informational,mofu,rank saas mofu keywords,
/blogs/how-to-rank-on-chatgpt-in-2026-strategies-and-tips/,informational,mofu,how to rank on chatgpt,
/blogs/how-to-run-google-ads-for-saas/,informational,mofu,google ads for saas,
/blogs/how-to-run-linkedin-retargeting-ads/,informational,mofu,linkedin retargeting ads,
/blogs/how-to-score-saas-keywords-by-icp-intent/,informational,mofu,score saas keywords by icp intent,
/blogs/how-to-write-google-ads-copy-for-saas-in-2026/,informational,mofu,google ads copy for saas,
/blogs/how-to-write-saas-comparison-pages-for-seo/,informational,mofu,saas comparison pages,
/blogs/how-to-write-saas-seo-content-with-ai-that-actually-ranks/,informational,mofu,write saas seo content with ai,
/blogs/linkedin-account-based-marketing/,informational,tofu,linkedin account based marketing,
/blogs/optimize-saas-landing-pages-for-seo/,informational,mofu,optimize saas landing pages for seo,
/research/ai-seo-statistics/,informational,mofu,ai seo statistics,
/blogs/saas-content-marketing-guide/,informational,tofu,saas content marketing,
/blogs/saas-link-building/,informational,tofu,saas link building,
/blogs/saas-linkedin-ads-mistakes-to-avoid/,informational,mofu,saas linkedin ads mistakes,
/blogs/saas-marketing-challenges-and-fixes/,informational,mofu,saas marketing challenges,
/blogs/saas-ppc-checklist/,informational,mofu,saas ppc checklist,
/blogs/saas-ppc/,informational,tofu,saas ppc,
/blogs/saas-seo-checklist/,informational,mofu,saas seo checklist,
/blogs/saas-seo-strategies-and-framework/,informational,mofu,saas seo strategies,
/blogs/saas-seo/,informational,tofu,saas seo,
/blogs/the-8-common-saas-google-ads-mistakes-to-avoid-in-2026/,informational,mofu,saas google ads mistakes,
/blogs/the-no-nonsense-guide-to-auditing-your-saas-ppc-account/,informational,mofu,saas ppc audit,
/blogs/types-of-keywords-in-seo/,informational,mofu,types of keywords in seo,
/glossary/what-are-keyword-clusters/,informational,tofu,what is keyword clusters,
/glossary/what-is-a-301-redirect/,informational,tofu,what is 301 Redirect,
/glossary/what-is-a-backlink/,informational,tofu,what is a Backlink,
/glossary/what-is-a-canonical-tag/,informational,tofu,what is a Canonical Tag,
/glossary/what-is-a-commercial-keyword/,informational,tofu,what is a Commercial Keyword,
/glossary/what-is-a-landing-page/,informational,tofu,what is a Landing Page,
/glossary/what-is-a-long-tail-keyword/,informational,tofu,what is a Long Tail Keyword,
/glossary/what-is-a-meta-description/,informational,tofu,what is a Meta Description,
/glossary/what-is-a-navigational-keyword/,informational,tofu,what is a Navigational Keyword,
/glossary/what-is-a-transactional-keyword/,informational,tofu,what is a Transactional Keyword,
/glossary/what-is-ab-testing/,informational,tofu,what is A/B Testing,
/glossary/what-is-abm/,informational,tofu,what is ABM,
/glossary/what-is-aeo/,informational,tofu,what is AEO (Answer Engine Optimization),
/glossary/what-is-ai-hallucination/,informational,tofu,what is AI Hallucination,
/glossary/what-is-an-ai-overview/,informational,tofu,what is an AI Overview,
/glossary/what-is-an-informational-keyword/,informational,tofu,what is an Informational Keyword,
/glossary/what-is-an-llm/,informational,tofu,what is an LLM,
/glossary/what-is-an-seo-audit/,informational,tofu,what is an SEO Audit,
/glossary/what-is-anchor-text/,informational,tofu,what is Anchor Text,
/glossary/what-is-arr/,informational,tofu,what is ARR,
/glossary/what-is-brand-identity/,informational,tofu,what is Brand Identity,
/glossary/what-is-brand-positioning/,informational,tofu,what is Brand Positioning,
/glossary/what-is-cls/,informational,tofu,what is CLS,
/glossary/what-is-clv/,informational,tofu,what is CLV,
/glossary/what-is-content-marketing/,informational,tofu,what is Content Marketing,
/glossary/what-is-conversion-rate/,informational,tofu,what is Conversion Rate,
/glossary/what-is-cost-per-click/,informational,tofu,what is Cost Per Click,
/glossary/what-is-cpa/,informational,tofu,what is CPA,
/glossary/what-is-cpm/,informational,tofu,what is CPM,
/glossary/what-is-crawling/,informational,tofu,what is Crawling,
/glossary/what-is-cro/,informational,tofu,what is CRO,
/glossary/what-is-ctr/,informational,tofu,what is CTR,
/glossary/what-is-domain-authority/,informational,tofu,what is Domain Authority,
/glossary/what-is-employer-branding/,informational,tofu,what is Employer Branding,
/glossary/what-is-evergreen-content/,informational,tofu,what is Evergreen Content,
/glossary/what-is-fid/,informational,tofu,what is FID,
/glossary/what-is-ga4/,informational,tofu,what is GA4,
/glossary/what-is-geo/,informational,tofu,what is GEO (Generative Engine Optimization),
/glossary/what-is-go-to-market-strategy/,informational,tofu,what is Go To Market Strategy,
/glossary/what-is-google-ads/,informational,tofu,what is Google Ads,
/glossary/what-is-google-search-console/,informational,tofu,what is Google Search Console,
/glossary/what-is-google-tag-manager/,informational,tofu,what is Google Tag Manager,
/glossary/what-is-gpt/,informational,tofu,what is GPT,
/glossary/what-is-icp/,informational,tofu,what is ICP,
/glossary/what-is-image-alt-text/,informational,tofu,what is Image Alt Text,
/glossary/what-is-inbound-marketing/,informational,tofu,what is Inbound Marketing,
/glossary/what-is-indexing/,informational,tofu,what is Indexing,
/glossary/what-is-keyword-difficulty/,informational,tofu,what is Keyword Difficulty,
/glossary/what-is-keyword-ranking/,informational,tofu,what is Keyword Ranking,
/glossary/what-is-keyword-research/,informational,tofu,what is Keyword Research,
/glossary/what-is-lead-generation/,informational,tofu,what is Lead Generation,
/glossary/what-is-meta-ads/,informational,tofu,what is Meta Ads,
/glossary/what-is-nrr/,informational,tofu,what is Nrr,
/glossary/what-is-off-page-seo/,informational,tofu,what is Off Page SEO,
/glossary/what-is-on-page-seo/,informational,tofu,what is On Page SEO,
/glossary/what-is-performance-marketing/,informational,tofu,what is Performance Marketing,
/glossary/what-is-ppc/,informational,tofu,what is PPC,
/glossary/what-is-programmatic-advertising/,informational,tofu,what is Programmatic Advertising,
/glossary/what-is-prompt-engineering/,informational,tofu,what is Prompt Engineering,
/glossary/what-is-rag/,informational,tofu,what is RAG,
/glossary/what-is-roas/,informational,tofu,what is ROAS,
/glossary/what-is-robots-txt/,informational,tofu,what is Robots.txt,
/glossary/what-is-runway/,informational,tofu,what is Runway,
/glossary/what-is-sal-in-saas/,informational,tofu,what is SAL in SaaS,
/glossary/what-is-schema-markup/,informational,tofu,what is Schema Markup,
/glossary/what-is-search-intent/,informational,tofu,what is Search Intent,
/glossary/what-is-search-volume/,informational,tofu,what is Search Volume,
/glossary/what-is-sem/,informational,tofu,what is SEM,
/glossary/what-is-seo/,informational,tofu,what is SEO,
/glossary/what-is-serp/,informational,tofu,what is SERP,
/glossary/what-is-ssl-certificate/,informational,tofu,what is an SSL Certificate,
/glossary/what-is-ssp/,informational,tofu,what is SSP,
/glossary/what-is-structured-data/,informational,tofu,what is Structured Data,
/glossary/what-is-tam-sam-som/,informational,tofu,what is TAM SAM SOM,
/glossary/what-is-technical-seo/,informational,tofu,what is Technical SEO,
/glossary/what-is-third-party-cookies/,informational,tofu,what is Third-Party Cookies,
/glossary/what-is-thought-leadership/,informational,tofu,what is Thought Leadership,
/glossary/what-is-topical-authority/,informational,tofu,what is Topical Authority,
/glossary/what-is-upsell/,informational,tofu,what is Upsell,
/glossary/what-is-user-generated-content/,informational,tofu,what is User Generated Content,
/list/b2b-ppc-experts/,commercial,bofu,b2b ppc experts,
/list/best-aeo-agency/,commercial,bofu,best aeo agency,
/list/best-affordable-b2b-ppc-agencies/,commercial,bofu,best affordable b2b ppc agencies,
/list/best-ai-seo-agencies/,commercial,bofu,best ai seo agencies,
/list/best-ai-visibility-tools/,commercial,bofu,best ai visibility tools,
/list/best-b2b-advertising-agencies/,commercial,bofu,best b2b advertising agencies,
/list/best-b2b-content-marketing-agencies/,commercial,bofu,best b2b content marketing agencies,
/list/best-b2b-demand-generation-agencies/,commercial,bofu,best b2b demand generation agencies,
/list/best-b2b-google-ads-agencies/,commercial,bofu,best b2b google ads agencies,
/list/best-b2b-lead-generation-companies/,commercial,bofu,best b2b lead generation agencies,
/list/best-b2b-marketing-agencies/,commercial,bofu,best b2b marketing agencies,
/list/best-b2b-seo-agencies/,commercial,bofu,best b2b seo agencies,
/list/best-cro-tools-saas/,commercial,bofu,best cro tools saas,
/list/best-cybersecurity-marketing-agencies/,commercial,bofu,best cybersecurity marketing agencies,
/list/best-devtools-marketing-agencies/,commercial,bofu,best devtools marketing agencies,
/list/best-edtech-marketing-agencies/,commercial,bofu,best edtech marketing agencies,
/list/best-enterprise-seo-agencies/,commercial,bofu,best enterprise seo agencies,
/list/best-free-keyword-research-tools/,commercial,bofu,best free keyword research tools,
/list/best-geo-agencies/,commercial,bofu,best geo agencies,
/list/best-healthtech-marketing-agencies/,commercial,bofu,best healthtech marketing agencies,
/list/best-heatmap-session-recording-tools-for-saas/,commercial,bofu,best heatmap session recording tools for saas,
/list/best-hr-tech-marketing-agencies/,commercial,bofu,best hr tech marketing agencies,
/list/best-keyword-clustering-tools/,commercial,bofu,best keyword clustering tools,
/list/best-landing-page-builders-for-saas/,commercial,bofu,best landing page builders for saas,
/list/best-legaltech-marketing-agencies/,commercial,bofu,best legaltech marketing agencies,
/list/best-linkedin-marketing-agencies/,commercial,bofu,best linkedin marketing agencies,
/list/best-martech-marketing-agencies/,commercial,bofu,best martech marketing agencies,
/list/best-proptech-marketing-agencies/,commercial,bofu,best proptech marketing agencies,
/list/best-rank-tracking-tools-for-saas/,commercial,bofu,best rank tracking tools for saas,
/list/best-saas-content-marketing-agencies/,commercial,bofu,best saas content marketing agencies,
/list/best-saas-geo-agencies/,commercial,bofu,best saas geo agencies,
/list/best-saas-growth-marketing-agencies/,commercial,bofu,best saas growth marketing agencies,
/list/best-saas-link-building-agencies/,commercial,bofu,best saas link building agencies,
/list/best-saas-marketing-agencies-2026/,commercial,bofu,best saas marketing agencies,
/list/best-saas-ppc-agencies/,commercial,bofu,best saas ppc agencies,
/list/best-saas-seo-agencies-for-product-led-growth/,commercial,bofu,best saas seo agencies for plg,
/list/best-saas-seo-agencies-for-sales-led-growth/,commercial,bofu,best saas seo agencies for slg,
/list/best-saas-seo-agencies-for-series-a/,commercial,bofu,best saas seo agencies for series a,
/list/best-saas-seo-agencies-for-series-b/,commercial,bofu,best saas seo agencies for series b,
/list/best-saas-seo-agencies-for-startups/,commercial,bofu,best saas seo agencies for startups,
/list/best-saas-seo-agencies/,commercial,bofu,best saas seo agencies,
/list/best-schema-markup-tools-for-saas/,commercial,bofu,best schema markup tools for saas,
/list/best-serp-testing-tools-for-saas/,commercial,bofu,best serp testing tools for saas,
/list/best-technical-seo-agencies/,commercial,bofu,best technical seo agencies,
/list/saas-seo-experts/,commercial,bofu,saas seo experts,
/list/top-b2b-ppc-agencies/,commercial,bofu,best b2b ppc agencies,
/list/top-fintech-marketing-agencies/,commercial,bofu,best fintech marketing agencies,
/list/top-fintech-seo-agencies/,commercial,bofu,best fintech seo agencies,
/list/top-performance-marketing-agencies/,commercial,bofu,best performance marketing agencies,
/compare/directive-consulting-vs-refine-labs/,commercial,bofu,directive consulting vs refine labs,
/compare/klientboost-vs-disruptive-advertising/,commercial,bofu,klientboost vs disruptive advertising,
/compare/piperocket-digital-vs-klientboost/,navigational,bofu,piperocket digital vs klientboost,
/compare/piperocket-digital-vs-nogood/,navigational,bofu,piperocket digital vs nogood,
/compare/piperocket-digital-vs-omniscient-digital/,navigational,bofu,piperocket digital vs omniscient digital,
/compare/piperocket-digital-vs-siege-media/,navigational,bofu,piperocket digital vs siege media,
/compare/piperocket-digital-vs-webfx/,navigational,bofu,piperocket digital vs webfx,
/compare/piperocket-vs-directive-consulting/,navigational,bofu,piperocket vs directive consulting,
/compare/siege-media-vs-animalz/,commercial,bofu,siege media vs animalz,
/compare/siege-media-vs-omniscient-digital/,commercial,bofu,siege media vs omniscient digital,
/compare/simpletiger-vs-skale/,commercial,bofu,simpletiger vs skale,
/alternative/animalz-alternatives/,commercial,bofu,animalz alternatives,
/alternative/directive-consulting-alternatives/,commercial,bofu,directive consulting alternatives,
/alternative/kalungi-alternatives/,commercial,bofu,kalungi alternatives,
/alternative/klientboost-alternatives/,commercial,bofu,klientboost alternatives,
/alternative/nogood-alternatives/,commercial,bofu,nogood alternatives,
/alternative/omniscient-digital-alternatives/,commercial,bofu,omniscient digital alternatives,
/alternative/powered-by-search-alternatives/,commercial,bofu,powered by search alternatives,
/alternative/refine-labs-alternatives/,commercial,bofu,refine labs alternatives,
/alternative/siege-media-alternatives/,commercial,bofu,siege media alternatives,
/alternative/single-grain-alternatives/,commercial,bofu,single grain alternatives,
/alternative/webfx-alternatives/,commercial,bofu,webfx alternatives,
/case-study-cybersierra/,navigational,bofu,cybersierra case study,
/case-study-devrev/,navigational,bofu,devrev case study,
/case-study-hyperstart/,navigational,bofu,hyperstart case study,
/case-study-hyperverge/,navigational,bofu,hyperverge case study,
/case-study-spendflo/,navigational,bofu,spendflo case study,
/case-study-storylane/,navigational,bofu,storylane case study,
/tools/free-seo-roi-calculator/,transactional,bofu,free seo roi calculator,
/tools/ppc-roas-calculator/,transactional,bofu,ppc roas calculator,
/author/deepan-siddhu/,navigational,brand,,
/author/douglas-ribback/,navigational,brand,,
/author/immanual/,navigational,brand,,
/author/jithesh-joseph/,navigational,brand,,
/author/kamaraj-mathiarasan/,navigational,brand,,
/author/omar/,navigational,brand,,
/author/praveen-ravi/,navigational,brand,,
/author/pritesh-vora/,navigational,brand,,
/author/ranjeeth/,navigational,brand,,
/author/rohith/,navigational,brand,,
/author/sabarish-chandrasekar/,navigational,brand,,
/author/vignesh-sampath/,navigational,brand,,
/author/vishnu-prasad/,navigational,brand,,
/,commercial,brand,saas marketing agency,
/alternative/,navigational,brand,,
/author/,navigational,brand,,
/blogs/,navigational,brand,,
/case-study/,navigational,brand,,
/compare/,navigational,brand,,
/glossary/,navigational,brand,,
/list/,navigational,brand,,
/tools/,navigational,brand,,
/vs/,navigational,brand,,
/about-us/,navigational,brand,,
/account-based-marketing-agency/,commercial,bofu,account based marketing agency,
/ai-seo-services/,commercial,bofu,ai seo services,
/bing-ads-agency/,commercial,bofu,bing ads agency,
/careers/,navigational,brand,,
/contact-us/,navigational,brand,,
/content-marketing-agency/,commercial,bofu,content marketing agency,
/cookies-policy/,navigational,brand,,
/cybersecurity-marketing-agency/,commercial,bofu,cybersecurity marketing agency,
/devtools-marketing-agency/,commercial,bofu,devtools marketing agency,
/edtech-marketing-agency/,commercial,bofu,edtech marketing agency,
/enterprise-ai-seo-services/,commercial,bofu,enterprise ai seo services,
/enterprise-ppc-agency/,commercial,bofu,enterprise ppc agency,
/enterprise-seo-agency/,commercial,bofu,enterprise seo agency,
/faqs/,navigational,brand,,
/fintech-marketing-agency/,commercial,bofu,fintech marketing agency,
/fintech-ppc-agency/,commercial,bofu,fintech ppc agency,
/fintech-seo-agency/,commercial,bofu,fintech seo agency,
/google-ads-agency/,commercial,bofu,google ads agency,
/healthtech-marketing-agency/,commercial,bofu,healthtech marketing agency,
/hrtech-marketing-agency/,commercial,bofu,hrtech marketing agency,
/hrtech-ppc-agency/,commercial,bofu,hrtech ppc agency,
/hrtech-seo-agency/,commercial,bofu,hrtech seo agency,
/insurancetech-marketing-agency/,commercial,bofu,insurancetech marketing agency,
/legaltech-marketing-agency/,commercial,bofu,legaltech marketing agency,
/link-building-agency/,commercial,bofu,link building agency,
/linkedin-marketing-agency/,commercial,bofu,linkedin marketing agency,
/marketing-ops/,commercial,bofu,marketing ops agency,
/martech-marketing-agency/,commercial,bofu,martech marketing agency,
/paid-social-agency/,commercial,bofu,paid social agency,
/partnership/,navigational,brand,,
/pricing/,commercial,brand,,
/privacy-policy/,navigational,brand,,
/programmatic-seo-agency/,commercial,bofu,programmatic seo agency,
/proptech-marketing-agency/,commercial,bofu,proptech marketing agency,
/research-methodology/,navigational,brand,,
/reviews/,commercial,brand,,
/saas-ppc/faqs/,navigational,brand,,
/saas-ppc/,commercial,bofu,saas ppc,
/saas-seo-agency/faqs/,navigational,brand,,
/saas-seo-agency/,commercial,bofu,saas seo agency,
/schedule-a-demo/,navigational,brand,,
/technical-seo-agency/,commercial,bofu,technical seo agency,
/terms-and-conditions/,navigational,brand,,
/webinar-pritesh/,navigational,brand,,
/write-for-us-digital-marketing-seo-ppc/,navigational,brand,,
