Status,Priority,Type,Topic,Slug,Section,URL,Kind,Cluster,SV (avg/mo),Competition (idx),Author,Date / Notes
Published,,Comparison,Surfer SEO vs Clearscope,surfer-seo-vs-clearscope,/compare/ (neutral),/compare/surfer-seo-vs-clearscope/,Tool,Content optimization,90,Low (4),ranjeeth,2026-06-19
Published,,Comparison,Hotjar vs Microsoft Clarity,hotjar-vs-microsoft-clarity,/compare/ (neutral),/compare/hotjar-vs-microsoft-clarity/,Tool,CRO / analytics,90,Low (12),vishnu-prasad,2026-06-19
Published,,Comparison,Hotjar vs Mouseflow,hotjar-vs-mouseflow,/compare/ (neutral),/compare/hotjar-vs-mouseflow/,Tool,CRO / analytics,70,Low (20),sabarish-chandrasekar,2026-06-19
Published,,Comparison,6sense vs Demandbase,6sense-vs-demandbase,/compare/ (neutral),/compare/6sense-vs-demandbase/,Tool,ABM,70,Med (37),immanual,2026-06-19
Published,,Comparison,Screaming Frog vs Sitebulb,screaming-frog-vs-sitebulb,/compare/ (neutral),/compare/screaming-frog-vs-sitebulb/,Tool,Technical SEO,40,Low (9),rohith,2026-06-19
Published,,Alternative,Ubersuggest Alternatives,ubersuggest-alternatives,/alternative/,/alternative/ubersuggest-alternatives/,Tool,SEO suite,N/A (GSC-sourced; head term),—,vignesh-sampath,2026-06-19
Published,,Alternative,Botify Alternatives,botify-alternatives,/alternative/,/alternative/botify-alternatives/,Tool,Technical SEO,50,Low (16),omar,2026-06-19
Published,,Alternative,Opteo Alternatives,opteo-alternatives,/alternative/,/alternative/opteo-alternatives/,Tool,PPC,50,Low (9),vishnu-prasad,2026-06-19
Published,,Alternative,HockeyStack Alternatives,hockeystack-alternatives,/alternative/,/alternative/hockeystack-alternatives/,Tool,Attribution,40,Low (27),sabarish-chandrasekar,2026-06-19
Published,,Alternative,Demandbase Alternatives,demandbase-alternatives,/alternative/,/alternative/demandbase-alternatives/,Tool,ABM,50,Low (27),immanual,2026-06-19
Published,,Comparison,Siege Media vs Animalz,siege-media-vs-animalz,/compare/ (neutral),/compare/siege-media-vs-animalz/,Agency,Content/SEO agencies,N/A,N/A,kim,2026-06-11
Published,,Comparison,Siege Media vs Omniscient Digital,siege-media-vs-omniscient-digital,/compare/ (neutral),/compare/siege-media-vs-omniscient-digital/,Agency,Content/SEO agencies,N/A,N/A,kim,2026-06-11
Published,,Comparison,SimpleTiger vs Skale,simpletiger-vs-skale,/compare/ (neutral),/compare/simpletiger-vs-skale/,Agency,SaaS SEO agencies,N/A,N/A,kim,2026-06-11
Published,,Comparison,Directive Consulting vs Refine Labs,directive-consulting-vs-refine-labs,/compare/ (neutral),/compare/directive-consulting-vs-refine-labs/,Agency,Demand gen agencies,N/A,N/A,kim,2026-06-11
Published,,Comparison,KlientBoost vs Disruptive Advertising,klientboost-vs-disruptive-advertising,/compare/ (neutral),/compare/klientboost-vs-disruptive-advertising/,Agency,PPC agencies,N/A,N/A,kim,2026-06-11
Published,,Comparison,PipeRocket Digital vs KlientBoost,piperocket-digital-vs-klientboost,/compare/ (branded),/compare/piperocket-digital-vs-klientboost/,Agency (branded),PipeRocket vs X,N/A,N/A,kim,2026-04-30
Published,,Comparison,PipeRocket Digital vs NoGood,piperocket-digital-vs-nogood,/compare/ (branded),/compare/piperocket-digital-vs-nogood/,Agency (branded),PipeRocket vs X,N/A,N/A,kim,2026-04-30
Published,,Comparison,PipeRocket Digital vs Omniscient Digital,piperocket-digital-vs-omniscient-digital,/compare/ (branded),/compare/piperocket-digital-vs-omniscient-digital/,Agency (branded),PipeRocket vs X,N/A,N/A,kim,2026-04-30
Published,,Comparison,PipeRocket Digital vs Siege Media,piperocket-digital-vs-siege-media,/compare/ (branded),/compare/piperocket-digital-vs-siege-media/,Agency (branded),PipeRocket vs X,N/A,N/A,kim,2026-04-30
Published,,Comparison,PipeRocket Digital vs WebFX,piperocket-digital-vs-webfx,/compare/ (branded),/compare/piperocket-digital-vs-webfx/,Agency (branded),PipeRocket vs X,N/A,N/A,kim,2026-04-30
Published,,Comparison,PipeRocket vs Directive Consulting,piperocket-vs-directive-consulting,/compare/ (branded),/compare/piperocket-vs-directive-consulting/,Agency (branded),PipeRocket vs X,N/A,N/A,kim,2026-04-30
Published,,Alternative,WebFX Alternatives,webfx-alternatives,/alternative/,/alternative/webfx-alternatives/,Agency,Agency alternatives,N/A,N/A,praveen,2026-06-01
Published,,Alternative,Directive Consulting Alternatives,directive-consulting-alternatives,/alternative/,/alternative/directive-consulting-alternatives/,Agency,Agency alternatives,N/A,N/A,kim,2026-06-01
Published,,Alternative,Siege Media Alternatives,siege-media-alternatives,/alternative/,/alternative/siege-media-alternatives/,Agency,Agency alternatives,N/A,N/A,kim,2026-06-01
Published,,Alternative,NoGood Alternatives,nogood-alternatives,/alternative/,/alternative/nogood-alternatives/,Agency,Agency alternatives,N/A,N/A,kim,2026-06-01
Published,,Alternative,KlientBoost Alternatives,klientboost-alternatives,/alternative/,/alternative/klientboost-alternatives/,Agency,Agency alternatives,N/A,N/A,praveen,2026-06-01
Published,,Alternative,Omniscient Digital Alternatives,omniscient-digital-alternatives,/alternative/,/alternative/omniscient-digital-alternatives/,Agency,Agency alternatives,N/A,N/A,praveen,2026-06-01
Published,,Alternative,Single Grain Alternatives,single-grain-alternatives,/alternative/,/alternative/single-grain-alternatives/,Agency,Agency alternatives,N/A,N/A,kim,2026-06-11
Published,,Alternative,Refine Labs Alternatives,refine-labs-alternatives,/alternative/,/alternative/refine-labs-alternatives/,Agency,Agency alternatives,N/A,N/A,praveen,2026-06-11
Published,,Alternative,Powered by Search Alternatives,powered-by-search-alternatives,/alternative/,/alternative/powered-by-search-alternatives/,Agency,Agency alternatives,N/A,N/A,praveen,2026-06-11
Published,,Alternative,Kalungi Alternatives,kalungi-alternatives,/alternative/,/alternative/kalungi-alternatives/,Agency,Agency alternatives,N/A,N/A,kim,2026-06-11
Published,,Alternative,Animalz Alternatives,animalz-alternatives,/alternative/,/alternative/animalz-alternatives/,Agency,Agency alternatives,N/A,N/A,kim,2026-06-11
Upcoming,P1,Comparison,Surfer SEO vs Frase,surfer-seo-vs-frase,/compare/ (neutral),/compare/surfer-seo-vs-frase/,Tool,Content optimization,40,Low (6),ranjeeth,In-band; very low comp
Upcoming,P1,Comparison,Jasper vs Writesonic,jasper-vs-writesonic,/compare/ (neutral),/compare/jasper-vs-writesonic/,Tool,AI content,40,Low (6),vignesh-sampath,In-band; very low comp
Upcoming,P1,Comparison,Clearbit vs ZoomInfo,clearbit-vs-zoominfo,/compare/ (neutral),/compare/clearbit-vs-zoominfo/,Tool,Sales data / demand,30,Low (17),immanual,In-band
Upcoming,P1,Comparison,Dreamdata vs HockeyStack,dreamdata-vs-hockeystack,/compare/ (neutral),/compare/dreamdata-vs-hockeystack/,Tool,Attribution,30,Low (11),sabarish-chandrasekar,In-band; pairs with hockeystack-alternatives
Upcoming,P1,Alternative,MarketMuse Alternatives,marketmuse-alternatives,/alternative/,/alternative/marketmuse-alternatives/,Tool,Content optimization,110,Low (6),ranjeeth,Just above band but near-floor comp; strong pick
Upcoming,P1,Alternative,Optmyzr Alternatives,optmyzr-alternatives,/alternative/,/alternative/optmyzr-alternatives/,Tool,PPC,50,Med (53),vishnu-prasad,In-band; pairs with opteo-alternatives
Upcoming,P1,Alternative,Dreamdata Alternatives,dreamdata-alternatives,/alternative/,/alternative/dreamdata-alternatives/,Tool,Attribution,50,Med (51),sabarish-chandrasekar,In-band
Upcoming,P1,Alternative,Mouseflow Alternatives,mouseflow-alternatives,/alternative/,/alternative/mouseflow-alternatives/,Tool,CRO / analytics,50,Med (42),vishnu-prasad,In-band; pairs with hotjar-vs-mouseflow
Upcoming,P2,Alternative,Bombora Alternatives,bombora-alternatives,/alternative/,/alternative/bombora-alternatives/,Tool,Intent data / ABM,30,Low (25),immanual,In-band; lower SV
Upcoming,P2,Alternative,Mutiny Alternatives,mutiny-alternatives,/alternative/,/alternative/mutiny-alternatives/,Tool,ABM / personalization,20,Low (18),immanual,In-band; lower SV
Upcoming,P2,Alternative,AlsoAsked Alternatives,alsoasked-alternatives,/alternative/,/alternative/alsoasked-alternatives/,Tool,Keyword research,30,Med (36),omar,In-band; lower SV
Upcoming,P2,Comparison,Hotjar vs FullStory,hotjar-vs-fullstory,/compare/ (neutral),/compare/hotjar-vs-fullstory/,Tool,CRO / analytics,110,Low (31),vishnu-prasad,Stretch (just above band)
Upcoming,P2,Comparison,VWO vs Optimizely,vwo-vs-optimizely,/compare/ (neutral),/compare/vwo-vs-optimizely/,Tool,CRO / A-B testing,110,Low (29),sabarish-chandrasekar,Stretch (just above band)
Upcoming,P2,Alternative,6sense Alternatives,6sense-alternatives,/alternative/,/alternative/6sense-alternatives/,Tool,ABM,110,Med (45),immanual,Stretch; pairs with 6sense-vs-demandbase
Upcoming,P3,Comparison,Ahrefs vs Semrush,ahrefs-vs-semrush,/compare/ (neutral),/compare/ahrefs-vs-semrush/,Tool,SEO suite,2400,Low (21),rohith,High-volume bet; harder SERP
Upcoming,P3,Alternative,Semrush Alternatives,semrush-alternatives,/alternative/,/alternative/semrush-alternatives/,Tool,SEO suite,4400,Med (46),vignesh-sampath,High-volume bet; harder SERP
Upcoming,P3,Alternative,Ahrefs Alternatives,ahrefs-alternatives,/alternative/,/alternative/ahrefs-alternatives/,Tool,SEO suite,1300,Low (28),rohith,High-volume bet
Upcoming,P3,Alternative,ZoomInfo Alternatives,zoominfo-alternatives,/alternative/,/alternative/zoominfo-alternatives/,Tool,Sales data,1000,Med (55),immanual,High-volume bet
Upcoming,P3,Alternative,Apollo Alternatives,apollo-alternatives,/alternative/,/alternative/apollo-alternatives/,Tool,Sales data,1300,Med (54),immanual,High-volume bet
Upcoming,P3,Comparison,Apollo vs ZoomInfo,apollo-vs-zoominfo,/compare/ (neutral),/compare/apollo-vs-zoominfo/,Tool,Sales data,390,Med (44),immanual,High-volume bet
Upcoming,P3,Comparison,Semrush vs Moz,semrush-vs-moz,/compare/ (neutral),/compare/semrush-vs-moz/,Tool,SEO suite,480,Low (12),omar,High-volume bet
Upcoming,Skip,Alternative,Copyleaks Alternatives,copyleaks-alternatives,/alternative/,—,Tool,Plagiarism detection,70,Med (33),—,Off-core (not SEO/PPC); deprioritized
Upcoming,Skip,Alternative,Originality.ai Alternatives,originality-ai-alternatives,/alternative/,—,Tool,AI content detection,40,Low (30),—,Off-core; deprioritized
